STORUNST,FROR_CD,FRTP_CD,KOFTR_GROU,DMCLS_CD,AGCLS_CD,DNST_CD,HEIGHT,LDMARK_STN,MAP_LABEL,갱신년도,ETC_PCMTT,FRTP_NM,KOFTR_NM,DMCLS_NM,AGCLS_NM,DNST_NM,HEIGHT_NM,Shape_Leng,Shape_Area
"0","0","0","93",,,,,J00093,C,"2017",,무립목지/비산림,경작지,,,,,110.93121126400,839.19053926400
"1","1","1","12","2","4",C,"12",J11112,APK-24C,"2018",,침엽수림,잣나무,중경목,4영급,밀,임분고 11m 이상 13m미만,402.33497791600,3470.20184185000
"1","1","1","12","2","4",C,"14",J11112,APK-24C,"2017",,침엽수림,잣나무,중경목,4영급,밀,임분고 13m 이상 15m미만,444.32600519000,7317.46709178000
"1","1","1","14","2","4",C,"18",J11114,APR-24C,"2017",,침엽수림,리기다소나무,중경목,4영급,밀,임분고 17m 이상 19m미만,228.78244366300,2858.97148898000
"1","1","2","30","0","1",A,"00",J11230,AEB-01A,"2019","2018사유림_조림(벚나무류,기타)(산딸나무,기타)(산수유,기타)(활엽수기타,기타)",활엽수림,기타활엽수,치수,1영급,소,임분고 1m 미만,200.39696750600,2239.93118258000
"1","1","2","49","1","3",C,"16",J11249,ARP-13C,"2017",,활엽수림,아까시나무,소경목,3영급,밀,임분고 15m 이상 17m미만,412.08022001700,5490.04699698000
"1","1","2","49","2","4",C,"00",J11249,ARP-24C,"2020",수고측정불가지역,활엽수림,아까시나무,중경목,4영급,밀,임분고 1m 미만,145.04047831000,972.88879450400
"1","1","2","49","2","4",C,"14",J11249,ARP-24C,"2017",,활엽수림,아까시나무,중경목,4영급,밀,임분고 13m 이상 15m미만,240.96904753600,1719.81002168000
"1","1","2","49","2","4",C,"14",J11249,ARP-24C,"2017",,활엽수림,아까시나무,중경목,4영급,밀,임분고 13m 이상 15m미만,364.08840277500,4649.33800725000
"1","1","2","49","2","4",C,"16",J11249,ARP-24C,"2017",,활엽수림,아까시나무,중경목,4영급,밀,임분고 15m 이상 17m미만,258.65849000900,1729.06848053000
"1","1","2","49","2","4",C,"18",J11249,ARP-24C,"2020",,활엽수림,아까시나무,중경목,4영급,밀,임분고 17m 이상 19m미만,539.71810175200,12569.08487250000
"1","2","1","11","2","4",C,"10",J12111,NPD-24C,,,침엽수림,소나무,중경목,4영급,밀,임분고 9m 이상 11m미만,242.21971175200,2586.85745177000
"1","2","2","30","1","3",B,"12",J12230,NEB-13B,"2020",,활엽수림,기타활엽수,소경목,3영급,중,임분고 11m 이상 13m미만,791.90780623100,24502.97489720000
"1","2","2","30","1","3",C,"06",J12230,NEB-13C,"2019",,활엽수림,기타활엽수,소경목,3영급,밀,임분고 5m 이상 7m미만,218.94452724600,2921.12282686000
"1","2","2","30","1","3",C,"06",J12230,NEB-13C,"2019",,활엽수림,기타활엽수,소경목,3영급,밀,임분고 5m 이상 7m미만,1696.65894546000,28664.90378720000
"1","2","2","30","2","4",C,"16",J12230,NEB-24C,"2020",,활엽수림,기타활엽수,중경목,4영급,밀,임분고 15m 이상 17m미만,195.42008896000,1558.53658994000
"1","2","2","30","2","4",C,"18",J12230,NEB-24C,"2017",,활엽수림,기타활엽수,중경목,4영급,밀,임분고 17m 이상 19m미만,528.34158979700,12010.42505130000
"1","2","2","30","2","4",C,"18",J12230,NEB-24C,"2017",,활엽수림,기타활엽수,중경목,4영급,밀,임분고 17m 이상 19m미만,276.23429215200,3645.71180084000
"1","2","2","30","2","4",C,"18",J12230,NEB-24C,"2019",,활엽수림,기타활엽수,중경목,4영급,밀,임분고 17m 이상 19m미만,534.54349026400,8907.03825608000
"1","2","2","30","2","4",C,"20",J12230,NEB-24C,"2017",,활엽수림,기타활엽수,중경목,4영급,밀,임분고 19m 이상 21m미만,232.50243051000,2360.11986127000
"1","2","2","30","2","4",C,"20",J12230,NEB-24C,"2019",,활엽수림,기타활엽수,중경목,4영급,밀,임분고 19m 이상 21m미만,309.11983190200,3585.67386935000
"1","2","2","30","2","4",C,"20",J12230,NEB-24C,"2020",,활엽수림,기타활엽수,중경목,4영급,밀,임분고 19m 이상 21m미만,363.20858044400,4833.58089822000
"1","2","2","30","2","4",C,"22",J12230,NEB-24C,"2017",,활엽수림,기타활엽수,중경목,4영급,밀,임분고 21m 이상 23m미만,247.08278784700,1855.54292995000
"1","2","2","30","2","4",C,"22",J12230,NEB-24C,"2020",,활엽수림,기타활엽수,중경목,4영급,밀,임분고 21m 이상 23m미만,176.84816353300,1778.42405858000
"1","2","2","30","2","4",C,"22",J12230,NEB-24C,"2020",,활엽수림,기타활엽수,중경목,4영급,밀,임분고 21m 이상 23m미만,255.01398370900,3730.84148189000
"1","2","2","30","2","4",C,"22",J12230,NEB-24C,"2020",,활엽수림,기타활엽수,중경목,4영급,밀,임분고 21m 이상 23m미만,317.29692242100,6659.67584348000
"1","2","2","30","2","5",C,"16",J12230,NEB-25C,,,활엽수림,기타활엽수,중경목,5영급,밀,임분고 15m 이상 17m미만,200.19473942800,1111.62251714000
"1","2","2","31","2","5",C,"20",J12231,NQA-25C,"2017",,활엽수림,상수리나무,중경목,5영급,밀,임분고 19m 이상 21m미만,1228.88983469000,36399.16413070001
"1","2","2","34","2","4",B,"16",J12234,NQQ-24B,"2019",,활엽수림,기타 참나무류,중경목,4영급,중,임분고 15m 이상 17m미만,266.83762229800,2922.95366160000
"1","2","2","34","2","4",C,"16",J12234,NQQ-24C,"2020",,활엽수림,기타 참나무류,중경목,4영급,밀,임분고 15m 이상 17m미만,294.48243309600,5828.93118466000
"1","2","2","34","2","4",C,"18",J12234,NQQ-24C,"2017",,활엽수림,기타 참나무류,중경목,4영급,밀,임분고 17m 이상 19m미만,278.19282916800,4385.23504937000
"1","2","2","34","2","4",C,"18",J12234,NQQ-24C,"2020",,활엽수림,기타 참나무류,중경목,4영급,밀,임분고 17m 이상 19m미만,497.32802690600,15587.06002480000
"1","2","2","34","2","4",C,"20",J12234,NQQ-24C,,,활엽수림,기타 참나무류,중경목,4영급,밀,임분고 19m 이상 21m미만,182.31654391900,1986.53586546000
"1","2","2","34","2","4",C,"20",J12234,NQQ-24C,"2017",,활엽수림,기타 참나무류,중경목,4영급,밀,임분고 19m 이상 21m미만,151.77762552200,1459.67498132000
"1","2","2","34","2","4",C,"20",J12234,NQQ-24C,"2017",,활엽수림,기타 참나무류,중경목,4영급,밀,임분고 19m 이상 21m미만,378.26570874400,8941.09523527000
"1","2","2","34","2","4",C,"20",J12234,NQQ-24C,"2018",,활엽수림,기타 참나무류,중경목,4영급,밀,임분고 19m 이상 21m미만,641.28545159000,6859.10814517000
"1","2","2","34","2","4",C,"20",J12234,NQQ-24C,"2020",,활엽수림,기타 참나무류,중경목,4영급,밀,임분고 19m 이상 21m미만,531.73690444800,11523.50181030000
"1","2","2","34","2","4",C,"22",J12234,NQQ-24C,"2017",,활엽수림,기타 참나무류,중경목,4영급,밀,임분고 21m 이상 23m미만,274.48400875200,4721.22495428000
"1","2","2","34","2","4",C,"24",J12234,NQQ-24C,"2017",,활엽수림,기타 참나무류,중경목,4영급,밀,임분고 23m 이상 25m미만,374.94516645000,6975.29986912000
"1","2","2","34","2","5",C,"00",J12234,NQQ-25C,"2020",수고측정불가지역,활엽수림,기타 참나무류,중경목,5영급,밀,임분고 1m 미만,164.20679753400,839.96693784500
"1","2","2","34","2","5",C,"22",J12234,NQQ-25C,"2020",,활엽수림,기타 참나무류,중경목,5영급,밀,임분고 21m 이상 23m미만,601.75170070400,12527.48586680000
"1","2","3","77","2","4",B,"22",J12377,NMM-24B,"2017",,혼효림,침활혼효림,중경목,4영급,중,임분고 21m 이상 23m미만,365.83415924900,5682.37950688000
"1","2","3","77","2","4",C,"16",J12377,NMM-24C,"2017",,혼효림,침활혼효림,중경목,4영급,밀,임분고 15m 이상 17m미만,292.72218513600,4534.82377584000
"1","2","3","77","2","4",C,"16",J12377,NMM-24C,"2018",,혼효림,침활혼효림,중경목,4영급,밀,임분고 15m 이상 17m미만,570.54611340900,16049.81750950000
"1","2","3","77","2","4",C,"18",J12377,NMM-24C,"2017",,혼효림,침활혼효림,중경목,4영급,밀,임분고 17m 이상 19m미만,692.51872949500,5013.15580419000
"1","2","3","77","2","4",C,"18",J12377,NMM-24C,"2017",,혼효림,침활혼효림,중경목,4영급,밀,임분고 17m 이상 19m미만,328.55067068300,5049.46409983000
"1","2","3","77","2","4",C,"20",J12377,NMM-24C,"2017",,혼효림,침활혼효림,중경목,4영급,밀,임분고 19m 이상 21m미만,299.53585815400,4071.53023978000
"1","2","3","77","2","4",C,"20",J12377,NMM-24C,"2017",,혼효림,침활혼효림,중경목,4영급,밀,임분고 19m 이상 21m미만,614.37355616800,16496.34650980000
"1","2","3","77","2","4",C,"22",J12377,NMM-24C,"2017",,혼효림,침활혼효림,중경목,4영급,밀,임분고 21m 이상 23m미만,317.03582621700,5764.99401037000
"1","2","3","77","2","4",C,"22",J12377,NMM-24C,"2017",,혼효림,침활혼효림,중경목,4영급,밀,임분고 21m 이상 23m미만,403.72814881400,10138.70446810000
"1","2","3","77","2","5",C,"16",J12377,NMM-25C,"2017",,혼효림,침활혼효림,중경목,5영급,밀,임분고 15m 이상 17m미만,330.60291690500,4829.64936286000
"2","0","0","81",,,,,J20081,N,"2021",,무립목지/비산림,미립목지,,,,,449.61329517600,10678.15156850000
"2","0","0","81",,,,,J20081,N,"2021",,무립목지/비산림,미립목지,,,,,869.18486196700,36485.07720770000
"2","0","0","81",,,,,J20081,N,"2021",수고측정불가지역,무립목지/비산림,미립목지,,,,,856.76343923700,48233.77155880000
"1","2","2","34","2","4",C,"22",J12234,NQQ-24C,"2020",,활엽수림,기타 참나무류,중경목,4영급,밀,임분고 21m 이상 23m미만,1261.00940295000,23246.16989600000
"1","1","1","10","1","3",C,"12",J11110,AEC-13C,,,침엽수림,기타침엽수,소경목,3영급,밀,임분고 11m 이상 13m미만,444.01815334700,2753.08639807000
"1","1","1","11","1","2",C,,J11111,APD-12C,"2018",수고측정불가지역,침엽수림,소나무,소경목,2영급,밀,,363.94895034700,6963.28001764000
"1","1","1","11","1","2",C,,J11111,APD-12C,"2020",수고측정불가지역,침엽수림,소나무,소경목,2영급,밀,,247.26787590800,1873.80124669000
"1","1","1","12","1","3",C,,J11112,APK-13C,"2019",수고측정불가지역,침엽수림,잣나무,소경목,3영급,밀,,208.28097573400,2102.31344362000
"1","1","1","12","1","3",C,"12",J11112,APK-13C,"2017",,침엽수림,잣나무,소경목,3영급,밀,임분고 11m 이상 13m미만,417.28110226700,4974.54548598000
"1","1","1","14","3","6",C,"18",J11114,APR-36C,"2017",,침엽수림,리기다소나무,대경목,6영급,밀,임분고 17m 이상 19m미만,341.11813441900,5432.45512799000
"1","1","1","14","3","6",C,"18",J11114,APR-36C,"2020",,침엽수림,리기다소나무,대경목,6영급,밀,임분고 17m 이상 19m미만,1267.04083339000,30760.02240270000
"1","1","1","19","1","3",C,"10",J11119,APJ-13C,"2019",,침엽수림,가분비나무,소경목,3영급,밀,임분고 9m 이상 11m미만,229.46033873800,879.20157634000
"1","1","2","30","2","5",C,"14",J11230,AEB-25C,"2019",,활엽수림,기타활엽수,중경목,5영급,밀,임분고 13m 이상 15m미만,142.43059818400,1273.18128271000
"1","1","2","45","2","4",C,"12",J11245,APO-24C,"2019",,활엽수림,포플러,중경목,4영급,밀,임분고 11m 이상 13m미만,189.45697117100,1292.88295609000
"1","1","2","45","2","4",C,"14",J11245,APO-24C,"2019",,활엽수림,포플러,중경목,4영급,밀,임분고 13m 이상 15m미만,140.94810152200,1307.74814140000
"1","1","2","45","2","4",C,"16",J11245,APO-24C,"2018",,활엽수림,포플러,중경목,4영급,밀,임분고 15m 이상 17m미만,96.81579721510,52.67903340020
"1","1","2","45","2","4",C,"16",J11245,APO-24C,"2019",,활엽수림,포플러,중경목,4영급,밀,임분고 15m 이상 17m미만,253.62116825400,2878.80882725000
"1","1","2","45","2","4",C,"18",J11245,APO-24C,,,활엽수림,포플러,중경목,4영급,밀,임분고 17m 이상 19m미만,278.35476147700,5055.82437153000
"1","1","2","45","2","5",C,"20",J11245,APO-25C,"2019",,활엽수림,포플러,중경목,5영급,밀,임분고 19m 이상 21m미만,205.46443837600,2694.38017748000
"1","1","2","45","2","5",C,"20",J11245,APO-25C,"2019",,활엽수림,포플러,중경목,5영급,밀,임분고 19m 이상 21m미만,157.96772458700,1622.29483352000
"1","1","2","49","2","4",C,,J11249,ARP-24C,"2018",수고측정불가지역,활엽수림,아까시나무,중경목,4영급,밀,,380.29775753200,3849.31237255000
"1","1","2","49","2","4",C,,J11249,ARP-24C,"2018",수고측정불가지역,활엽수림,아까시나무,중경목,4영급,밀,,238.25252368800,2093.09504332000
"1","1","2","49","2","4",C,"12",J11249,ARP-24C,"2020",,활엽수림,아까시나무,중경목,4영급,밀,임분고 11m 이상 13m미만,682.34751095600,12468.59985850000
"1","1","2","49","2","4",C,"14",J11249,ARP-24C,"2017",,활엽수림,아까시나무,중경목,4영급,밀,임분고 13m 이상 15m미만,385.24717928300,2918.20845139000
"1","1","2","49","2","4",C,"14",J11249,ARP-24C,"2019",,활엽수림,아까시나무,중경목,4영급,밀,임분고 13m 이상 15m미만,297.37897133300,5774.07772161000
"1","1","2","49","2","4",C,"16",J11249,ARP-24C,"2019",,활엽수림,아까시나무,중경목,4영급,밀,임분고 15m 이상 17m미만,1324.76712845000,24445.36122590000
"1","1","2","49","2","4",C,"18",J11249,ARP-24C,"2018",,활엽수림,아까시나무,중경목,4영급,밀,임분고 17m 이상 19m미만,177.30476174800,1881.04400694000
"1","1","2","49","2","5",C,"14",J11249,ARP-25C,,,활엽수림,아까시나무,중경목,5영급,밀,임분고 13m 이상 15m미만,273.26607108000,2802.27966899000
"1","1","2","49","2","5",C,"20",J11249,ARP-25C,"2019",,활엽수림,아까시나무,중경목,5영급,밀,임분고 19m 이상 21m미만,882.03674217600,9297.38045409000
"1","2","1","11","2","4",B,"12",J12111,NPD-24B,"2019",,침엽수림,소나무,중경목,4영급,중,임분고 11m 이상 13m미만,354.68086033300,4647.30366137000
"1","2","1","11","2","4",B,"14",J12111,NPD-24B,,,침엽수림,소나무,중경목,4영급,중,임분고 13m 이상 15m미만,253.79648208200,3363.19696370000
"1","2","1","11","2","4",C,,J12111,NPD-24C,"2018",수고측정불가지역,침엽수림,소나무,중경목,4영급,밀,,381.27518180100,3636.26627197000
"1","2","1","11","2","4",C,,J12111,NPD-24C,"2018",수고측정불가지역,침엽수림,소나무,중경목,4영급,밀,,669.41367504000,8356.88130419000
"1","2","1","11","2","4",C,,J12111,NPD-24C,"2019",수고측정불가지역,침엽수림,소나무,중경목,4영급,밀,,388.40962242100,3826.54723530000
"1","2","1","11","2","4",C,"08",J12111,NPD-24C,,,침엽수림,소나무,중경목,4영급,밀,임분고 7m 이상 9m미만,468.72768663200,6800.22591650000
"1","2","1","11","2","4",C,"10",J12111,NPD-24C,,,침엽수림,소나무,중경목,4영급,밀,임분고 9m 이상 11m미만,159.78163297400,1670.01792351000
"1","2","1","11","2","4",C,"12",J12111,NPD-24C,"2017",,침엽수림,소나무,중경목,4영급,밀,임분고 11m 이상 13m미만,485.01609830400,4675.12660224000
"1","2","1","11","2","4",C,"16",J12111,NPD-24C,,,침엽수림,소나무,중경목,4영급,밀,임분고 15m 이상 17m미만,139.21960919200,1339.94563000000
"1","2","1","11","2","5",B,"08",J12111,NPD-25B,,,침엽수림,소나무,중경목,5영급,중,임분고 7m 이상 9m미만,235.64956406200,3204.74346772000
"1","2","1","11","2","5",B,"08",J12111,NPD-25B,"2018",,침엽수림,소나무,중경목,5영급,중,임분고 7m 이상 9m미만,377.60803930700,8184.62399138000
"1","2","1","11","2","5",C,"14",J12111,NPD-25C,"2019",,침엽수림,소나무,중경목,5영급,밀,임분고 13m 이상 15m미만,221.21662745700,2544.58519914000
"1","2","1","11","3","6",B,"16",J12111,NPD-36B,"2018",,침엽수림,소나무,대경목,6영급,중,임분고 15m 이상 17m미만,430.45824571800,6692.47807194000
"1","2","1","11","3","7",C,,J12111,NPD-37C,"2017",수고측정불가지역,침엽수림,소나무,대경목,7영급,밀,,525.79832003300,5959.91241057000
"1","2","1","11","3","7",C,,J12111,NPD-37C,"2018",수고측정불가지역,침엽수림,소나무,대경목,7영급,밀,,267.00737094900,2615.64346684000
"1","2","2","30","1","3",B,"12",J12230,NEB-13B,"2018",,활엽수림,기타활엽수,소경목,3영급,중,임분고 11m 이상 13m미만,569.25131400700,7811.73599933000
"1","2","2","30","1","3",C,"10",J12230,NEB-13C,"2015",,활엽수림,기타활엽수,소경목,3영급,밀,임분고 9m 이상 11m미만,315.30173289600,3008.40534139000
"1","2","2","30","1","3",C,"10",J12230,NEB-13C,"2018",,활엽수림,기타활엽수,소경목,3영급,밀,임분고 9m 이상 11m미만,187.99866664100,1497.59392734000
"1","2","2","30","1","3",C,"12",J12230,NEB-13C,"2017",,활엽수림,기타활엽수,소경목,3영급,밀,임분고 11m 이상 13m미만,385.15756430600,6130.75633964000
"1","2","2","30","2","4",B,"14",J12230,NEB-24B,"2019",,활엽수림,기타활엽수,중경목,4영급,중,임분고 13m 이상 15m미만,169.97865629300,1457.65501994000
"1","2","2","30","2","4",B,"14",J12230,NEB-24B,"2019",,활엽수림,기타활엽수,중경목,4영급,중,임분고 13m 이상 15m미만,447.38603329100,3987.01645928000
"1","2","2","30","2","4",B,"14",J12230,NEB-24B,"2020",,활엽수림,기타활엽수,중경목,4영급,중,임분고 13m 이상 15m미만,475.52077026400,7148.08635994000
"1","2","2","30","2","4",B,"16",J12230,NEB-24B,,,활엽수림,기타활엽수,중경목,4영급,중,임분고 15m 이상 17m미만,294.46291229700,3053.86424202000
"1","2","2","30","2","4",B,"16",J12230,NEB-24B,"2019",,활엽수림,기타활엽수,중경목,4영급,중,임분고 15m 이상 17m미만,386.05197891000,5702.89470177000
"1","2","2","30","2","4",C,,J12230,NEB-24C,"2017",수고측정불가지역,활엽수림,기타활엽수,중경목,4영급,밀,,516.49508904100,6441.34198044000
"1","2","2","30","2","4",C,,J12230,NEB-24C,"2018",수고측정불가지역,활엽수림,기타활엽수,중경목,4영급,밀,,1530.40358042000,22453.04218180000
"1","2","2","30","2","4",C,,J12230,NEB-24C,"2018",수고측정불가지역,활엽수림,기타활엽수,중경목,4영급,밀,,359.88128468200,4238.75835453000
"1","2","2","30","2","4",C,,J12230,NEB-24C,"2018",수고측정불가지역,활엽수림,기타활엽수,중경목,4영급,밀,,846.29676121600,8398.82413096000
"1","2","2","30","2","4",C,,J12230,NEB-24C,"2018",수고측정불가지역,활엽수림,기타활엽수,중경목,4영급,밀,,1017.38600702000,12617.06377390000
"1","2","2","30","2","4",C,,J12230,NEB-24C,"2019",수고측정불가지역,활엽수림,기타활엽수,중경목,4영급,밀,,378.28658234400,4317.00828657000
"1","2","2","30","2","4",C,"10",J12230,NEB-24C,"2019",,활엽수림,기타활엽수,중경목,4영급,밀,임분고 9m 이상 11m미만,351.91029396300,3078.44928184000
"1","2","2","30","2","4",C,"12",J12230,NEB-24C,"2017",,활엽수림,기타활엽수,중경목,4영급,밀,임분고 11m 이상 13m미만,2193.41607628000,76215.30589370000
"1","2","2","30","2","4",C,"12",J12230,NEB-24C,"2018",,활엽수림,기타활엽수,중경목,4영급,밀,임분고 11m 이상 13m미만,367.59078227800,2701.93196796000
"1","2","2","30","2","4",C,"12",J12230,NEB-24C,"2020",,활엽수림,기타활엽수,중경목,4영급,밀,임분고 11m 이상 13m미만,204.59126724100,2557.94415255000
"1","2","2","30","2","4",C,"14",J12230,NEB-24C,,,활엽수림,기타활엽수,중경목,4영급,밀,임분고 13m 이상 15m미만,115.41815902900,726.64818017900
"1","2","2","30","2","4",C,"14",J12230,NEB-24C,,,활엽수림,기타활엽수,중경목,4영급,밀,임분고 13m 이상 15m미만,148.43888596100,1342.66897999000
"1","2","2","30","2","4",C,"14",J12230,NEB-24C,,,활엽수림,기타활엽수,중경목,4영급,밀,임분고 13m 이상 15m미만,143.80909629900,1081.58164640000
"1","2","2","30","2","4",C,"14",J12230,NEB-24C,"2018",,활엽수림,기타활엽수,중경목,4영급,밀,임분고 13m 이상 15m미만,299.30760893500,3078.80002113000
"1","2","2","30","2","4",C,"14",J12230,NEB-24C,"2018",,활엽수림,기타활엽수,중경목,4영급,밀,임분고 13m 이상 15m미만,660.20669970500,5036.42604489000
"1","2","2","30","2","4",C,"14",J12230,NEB-24C,"2018",,활엽수림,기타활엽수,중경목,4영급,밀,임분고 13m 이상 15m미만,197.92475574000,1999.59406369000
"1","2","2","30","2","4",C,"14",J12230,NEB-24C,"2019",,활엽수림,기타활엽수,중경목,4영급,밀,임분고 13m 이상 15m미만,207.19115045700,2221.69591861000
"1","2","2","30","2","4",C,"14",J12230,NEB-24C,"2019",,활엽수림,기타활엽수,중경목,4영급,밀,임분고 13m 이상 15m미만,186.29633174800,2288.20051369000
"1","2","2","30","2","4",C,"14",J12230,NEB-24C,"2019",,활엽수림,기타활엽수,중경목,4영급,밀,임분고 13m 이상 15m미만,586.32505827700,19198.31165650000
"1","2","2","30","2","4",C,"14",J12230,NEB-24C,"2019",,활엽수림,기타활엽수,중경목,4영급,밀,임분고 13m 이상 15m미만,568.70394925400,7341.54495420000
"1","2","2","30","2","4",C,"14",J12230,NEB-24C,"2020",,활엽수림,기타활엽수,중경목,4영급,밀,임분고 13m 이상 15m미만,205.61494386600,1016.46235214000
"1","2","2","30","2","4",C,"16",J12230,NEB-24C,"2017",,활엽수림,기타활엽수,중경목,4영급,밀,임분고 15m 이상 17m미만,331.27650887100,7629.27521903000
"1","2","2","30","2","4",C,"16",J12230,NEB-24C,"2019",,활엽수림,기타활엽수,중경목,4영급,밀,임분고 15m 이상 17m미만,313.28224777700,3246.29836177000
"1","2","2","30","2","4",C,"20",J12230,NEB-24C,"2019",,활엽수림,기타활엽수,중경목,4영급,밀,임분고 19m 이상 21m미만,436.05183376700,6939.09470761000
"1","2","2","30","2","5",C,"14",J12230,NEB-25C,"2019",,활엽수림,기타활엽수,중경목,5영급,밀,임분고 13m 이상 15m미만,473.92537044300,5294.85451353000
"1","2","2","30","2","5",C,"14",J12230,NEB-25C,"2019",,활엽수림,기타활엽수,중경목,5영급,밀,임분고 13m 이상 15m미만,142.67610269900,1012.15086710000
"1","2","2","30","2","5",C,"16",J12230,NEB-25C,,,활엽수림,기타활엽수,중경목,5영급,밀,임분고 15m 이상 17m미만,264.22202200200,3045.14244805000
"1","2","2","30","2","5",C,"16",J12230,NEB-25C,"2019",,활엽수림,기타활엽수,중경목,5영급,밀,임분고 15m 이상 17m미만,261.18419503000,2611.89041107000
"1","2","2","30","2","5",C,"16",J12230,NEB-25C,"2019",,활엽수림,기타활엽수,중경목,5영급,밀,임분고 15m 이상 17m미만,569.12290113800,9971.93326742000
"1","2","2","30","2","5",C,"16",J12230,NEB-25C,"2019",,활엽수림,기타활엽수,중경목,5영급,밀,임분고 15m 이상 17m미만,593.86326736700,4481.69378530000
"1","2","2","30","2","5",C,"16",J12230,NEB-25C,"2020",,활엽수림,기타활엽수,중경목,5영급,밀,임분고 15m 이상 17m미만,1175.60551225000,45173.95856060000
"1","2","2","30","3","6",C,"18",J12230,NEB-36C,"2017",,활엽수림,기타활엽수,대경목,6영급,밀,임분고 17m 이상 19m미만,411.55373566600,6636.56089189000
"1","2","2","31","2","5",C,"18",J12231,NQA-25C,"2020",,활엽수림,상수리나무,중경목,5영급,밀,임분고 17m 이상 19m미만,595.67348273200,11152.23344590000
"1","2","2","31","2","5",C,"22",J12231,NQA-25C,"2019",,활엽수림,상수리나무,중경목,5영급,밀,임분고 21m 이상 23m미만,272.90427451400,4705.64257326000
"1","2","2","31","3","6",B,"22",J12231,NQA-36B,"2017",,활엽수림,상수리나무,대경목,6영급,중,임분고 21m 이상 23m미만,361.59038672800,3148.35502586000
"1","2","2","34","2","4",C,,J12234,NQQ-24C,,수고측정불가지역,활엽수림,기타 참나무류,중경목,4영급,밀,,157.34469447300,1879.06487023000
"1","2","2","34","2","4",C,,J12234,NQQ-24C,"2017",수고측정불가지역,활엽수림,기타 참나무류,중경목,4영급,밀,,209.62420427500,1461.12336173000
"1","2","2","34","2","4",C,"14",J12234,NQQ-24C,"2020",,활엽수림,기타 참나무류,중경목,4영급,밀,임분고 13m 이상 15m미만,128.18375733400,526.25189801700
"1","2","2","34","2","4",C,"14",J12234,NQQ-24C,"2020",,활엽수림,기타 참나무류,중경목,4영급,밀,임분고 13m 이상 15m미만,1568.69588100000,39125.57284620000
"1","2","2","34","2","4",C,"16",J12234,NQQ-24C,"2018",,활엽수림,기타 참나무류,중경목,4영급,밀,임분고 15m 이상 17m미만,255.47642165100,1754.12258655000
"1","2","2","34","2","4",C,"16",J12234,NQQ-24C,"2019",,활엽수림,기타 참나무류,중경목,4영급,밀,임분고 15m 이상 17m미만,439.20760128700,6343.94129605000
"1","2","2","34","2","4",C,"20",J12234,NQQ-24C,"2018",,활엽수림,기타 참나무류,중경목,4영급,밀,임분고 19m 이상 21m미만,197.52491129800,2598.24040423000
"1","2","2","34","2","5",C,"14",J12234,NQQ-25C,"2018",,활엽수림,기타 참나무류,중경목,5영급,밀,임분고 13m 이상 15m미만,452.26400561800,9727.57965011000
"1","2","2","34","2","5",C,"16",J12234,NQQ-25C,"2018",,활엽수림,기타 참나무류,중경목,5영급,밀,임분고 15m 이상 17m미만,275.60616680800,4404.80148983000
"1","2","2","34","2","5",C,"16",J12234,NQQ-25C,"2019",,활엽수림,기타 참나무류,중경목,5영급,밀,임분고 15m 이상 17m미만,619.22855538400,12482.87728060000
"1","2","2","34","2","5",C,"16",J12234,NQQ-25C,"2019",,활엽수림,기타 참나무류,중경목,5영급,밀,임분고 15m 이상 17m미만,1617.79877579000,39883.01700420001
"1","2","2","34","2","5",C,"16",J12234,NQQ-25C,"2020",,활엽수림,기타 참나무류,중경목,5영급,밀,임분고 15m 이상 17m미만,508.25378425300,4948.42281865000
"1","2","2","34","2","5",C,"18",J12234,NQQ-25C,"2017",,활엽수림,기타 참나무류,중경목,5영급,밀,임분고 17m 이상 19m미만,435.59051533100,9130.39996895000
"1","2","3","77","1","3",C,"14",J12377,NMM-13C,"2018",,혼효림,침활혼효림,소경목,3영급,밀,임분고 13m 이상 15m미만,237.89289199100,2261.47714257000
"1","2","3","77","2","4",B,"14",J12377,NMM-24B,"2021",,혼효림,침활혼효림,중경목,4영급,중,임분고 13m 이상 15m미만,374.51631317600,2952.29419667000
"1","2","3","77","2","4",C,,J12377,NMM-24C,"2018",수고측정불가지역,혼효림,침활혼효림,중경목,4영급,밀,,350.11997699200,5228.21091463000
"1","2","3","77","2","4",C,,J12377,NMM-24C,"2018",수고측정불가지역,혼효림,침활혼효림,중경목,4영급,밀,,650.63897999700,6400.07570796000
"1","2","3","77","2","4",C,"10",J12377,NMM-24C,"2019",,혼효림,침활혼효림,중경목,4영급,밀,임분고 9m 이상 11m미만,404.34090252600,3397.70055389000
"1","2","3","77","2","4",C,"10",J12377,NMM-24C,"2019",,혼효림,침활혼효림,중경목,4영급,밀,임분고 9m 이상 11m미만,528.46486430300,5745.12358603000
"1","2","3","77","2","4",C,"10",J12377,NMM-24C,"2019",,혼효림,침활혼효림,중경목,4영급,밀,임분고 9m 이상 11m미만,610.92331427800,18078.79414990000
"1","2","3","77","2","4",C,"10",J12377,NMM-24C,"2019",,혼효림,침활혼효림,중경목,4영급,밀,임분고 9m 이상 11m미만,226.03472233100,2316.81599135000
"1","2","3","77","2","4",C,"12",J12377,NMM-24C,"2019",,혼효림,침활혼효림,중경목,4영급,밀,임분고 11m 이상 13m미만,595.90129194600,5655.96550546000
"1","2","3","77","2","4",C,"14",J12377,NMM-24C,"2018",,혼효림,침활혼효림,중경목,4영급,밀,임분고 13m 이상 15m미만,512.41547621500,6741.46958984000
"1","2","3","77","2","4",C,"14",J12377,NMM-24C,"2020",,혼효림,침활혼효림,중경목,4영급,밀,임분고 13m 이상 15m미만,364.61437889600,2990.14742538000
"1","2","3","77","2","4",C,"18",J12377,NMM-24C,"2019",,혼효림,침활혼효림,중경목,4영급,밀,임분고 17m 이상 19m미만,148.52998587600,997.02779521900
"1","2","3","77","2","4",C,"18",J12377,NMM-24C,"2019",,혼효림,침활혼효림,중경목,4영급,밀,임분고 17m 이상 19m미만,207.95562978700,2392.42878881000
"1","2","3","77","2","5",C,,J12377,NMM-25C,,수고측정불가지역,혼효림,침활혼효림,중경목,5영급,밀,,216.93485130500,2789.98745031000
"1","2","3","77","2","5",C,,J12377,NMM-25C,"2018",수고측정불가지역,혼효림,침활혼효림,중경목,5영급,밀,,250.09887858100,4001.72332381000
"1","2","3","77","2","5",C,,J12377,NMM-25C,"2019",수고측정불가지역,혼효림,침활혼효림,중경목,5영급,밀,,292.88126981000,2331.89137409000
"1","2","3","77","2","5",C,"12",J12377,NMM-25C,,,혼효림,침활혼효림,중경목,5영급,밀,임분고 11m 이상 13m미만,487.93897773400,3511.07250063000
"1","2","3","77","2","5",C,"12",J12377,NMM-25C,"2021",,혼효림,침활혼효림,중경목,5영급,밀,임분고 11m 이상 13m미만,1056.94998323000,44898.23610470000
"1","2","3","77","2","5",C,"14",J12377,NMM-25C,"2019",,혼효림,침활혼효림,중경목,5영급,밀,임분고 13m 이상 15m미만,1446.48609784000,18292.92583270000
"1","2","3","77","2","5",C,"16",J12377,NMM-25C,"2017",,혼효림,침활혼효림,중경목,5영급,밀,임분고 15m 이상 17m미만,333.73183225300,6403.96944702000
"1","2","3","77","2","5",C,"16",J12377,NMM-25C,"2019",,혼효림,침활혼효림,중경목,5영급,밀,임분고 15m 이상 17m미만,1546.64894670000,22543.34921440000
"2","0","0","82",,,,,J20082,R,"2020",암석지,무립목지/비산림,제지,,,,,313.39324413800,4111.27174478000
"1","2","2","30","2","4",C,"22",J12230,NEB-24C,"2018",,활엽수림,기타활엽수,중경목,4영급,밀,임분고 21m 이상 23m미만,452.44069707900,4112.68520791000
"1","2","1","11","2","5",C,"12",J12111,NPD-25C,"2020",,침엽수림,소나무,중경목,5영급,밀,임분고 11m 이상 13m미만,42.09084740030,107.81158521300
"1","2","2","34","2","5",C,"18",J12234,NQQ-25C,,,활엽수림,기타 참나무류,중경목,5영급,밀,임분고 17m 이상 19m미만,12.40892087820,5.47727785005
"1","2","1","11","2","4",C,,J12111,NPD-24C,"2019",수고측정불가지역,침엽수림,소나무,중경목,4영급,밀,,1406.97034627000,20140.24609240000
"1","2","3","77","2","5",C,,J12377,NMM-25C,"2020",수고측정불가지역,혼효림,침활혼효림,중경목,5영급,밀,,922.82252055700,28046.33598800000
"1","1","1","14","2","4",C,"06",J11114,APR-24C,,,침엽수림,리기다소나무,중경목,4영급,밀,임분고 5m 이상 7m미만,649.25493324100,19238.38590620000
"1","1","1","14","2","4",C,"08",J11114,APR-24C,"2018",,침엽수림,리기다소나무,중경목,4영급,밀,임분고 7m 이상 9m미만,312.28968360700,3848.36187221000
"1","1","1","14","2","5",C,"06",J11114,APR-25C,,생육불량,침엽수림,리기다소나무,중경목,5영급,밀,임분고 5m 이상 7m미만,660.60086421700,23492.14946960000
"1","2","1","11","2","4",C,"12",J12111,NPD-24C,"2018",,침엽수림,소나무,중경목,4영급,밀,임분고 11m 이상 13m미만,352.19491288400,3349.59813914000
"1","2","2","30","1","3",C,"08",J12230,NEB-13C,"2017",,활엽수림,기타활엽수,소경목,3영급,밀,임분고 7m 이상 9m미만,221.42523520800,2972.97257289000
"1","2","2","30","2","4",C,"06",J12230,NEB-24C,"2019",생육양호,활엽수림,기타활엽수,중경목,4영급,밀,임분고 5m 이상 7m미만,350.94634887500,4875.67648674000
"1","2","2","30","2","4",C,"08",J12230,NEB-24C,"2018",,활엽수림,기타활엽수,중경목,4영급,밀,임분고 7m 이상 9m미만,323.18377762200,6643.18243142000
"1","2","2","30","2","4",C,"08",J12230,NEB-24C,"2020",,활엽수림,기타활엽수,중경목,4영급,밀,임분고 7m 이상 9m미만,496.99520362900,10521.82533580000
"1","2","2","30","2","4",C,"10",J12230,NEB-24C,,,활엽수림,기타활엽수,중경목,4영급,밀,임분고 9m 이상 11m미만,336.60685889400,3688.95323938000
"1","2","2","30","2","4",C,"10",J12230,NEB-24C,"2019",,활엽수림,기타활엽수,중경목,4영급,밀,임분고 9m 이상 11m미만,351.71713769800,7111.14234309000
"1","2","2","30","2","4",C,"10",J12230,NEB-24C,"2019",,활엽수림,기타활엽수,중경목,4영급,밀,임분고 9m 이상 11m미만,525.45836507500,10857.84039730000
"1","2","2","31","2","4",C,"14",J12231,NQA-24C,"2018",,활엽수림,상수리나무,중경목,4영급,밀,임분고 13m 이상 15m미만,269.56595022600,2428.39135440000
"1","2","3","77","2","4",C,"06",J12377,NMM-24C,"2017",,혼효림,침활혼효림,중경목,4영급,밀,임분고 5m 이상 7m미만,567.92105673600,9861.43340336000
"1","2","3","77","2","4",C,"06",J12377,NMM-24C,"2018",,혼효림,침활혼효림,중경목,4영급,밀,임분고 5m 이상 7m미만,209.67274016200,1488.16465292000
"1","2","3","77","2","4",C,"08",J12377,NMM-24C,"2018",,혼효림,침활혼효림,중경목,4영급,밀,임분고 7m 이상 9m미만,363.19307574900,4318.69725510000
"1","2","3","77","2","4",C,"08",J12377,NMM-24C,"2021",,혼효림,침활혼효림,중경목,4영급,밀,임분고 7m 이상 9m미만,551.69942066900,6975.73385066000
"0","0","0","93",,,,,J00093,C,"2020",,무립목지/비산림,경작지,,,,,81.21474257660,323.67520913900
"1","1","2","49","2","4",C,"00",J11249,ARP-24C,,,활엽수림,아까시나무,중경목,4영급,밀,임분고 1m 미만,864.00358019900,23401.44038910000
"1","1","2","49","2","4",C,"00",J11249,ARP-24C,,,활엽수림,아까시나무,중경목,4영급,밀,임분고 1m 미만,387.98738878400,3416.69851857000
"1","1","2","49","2","4",C,"00",J11249,ARP-24C,"2019",,활엽수림,아까시나무,중경목,4영급,밀,임분고 1m 미만,423.92457391800,8553.06750291000
"1","1","2","49","2","4",C,"00",J11249,ARP-24C,"2020",,활엽수림,아까시나무,중경목,4영급,밀,임분고 1m 미만,445.55109647000,8177.24782484000
"1","1","2","49","2","4",C,"00",J11249,ARP-24C,"2020",,활엽수림,아까시나무,중경목,4영급,밀,임분고 1m 미만,990.17946206100,23767.75071500000
"1","1","2","49","2","4",C,"12",J11249,ARP-24C,"2020",,활엽수림,아까시나무,중경목,4영급,밀,임분고 11m 이상 13m미만,614.22751975100,20852.69021670000
"1","1","2","49","2","4",C,"20",J11249,ARP-24C,"2019",,활엽수림,아까시나무,중경목,4영급,밀,임분고 19m 이상 21m미만,914.79051582200,30150.88377960000
"1","1","2","49","2","5",C,"00",J11249,ARP-25C,"2021",,활엽수림,아까시나무,중경목,5영급,밀,임분고 1m 미만,338.25887254000,4845.35728192000
"1","1","2","49","2","5",C,"00",J11249,ARP-25C,"2021",,활엽수림,아까시나무,중경목,5영급,밀,임분고 1m 미만,558.43031986300,9469.96332718000
"1","1","2","49","2","5",C,"20",J11249,ARP-25C,"2021",,활엽수림,아까시나무,중경목,5영급,밀,임분고 19m 이상 21m미만,420.01319650000,6707.87575115000
"1","2","1","11","2","4",C,"16",J12111,NPD-24C,,,침엽수림,소나무,중경목,4영급,밀,임분고 15m 이상 17m미만,11.34841337050,1.64438650860
"1","2","2","30","2","4",A,"12",J12230,NEB-24A,"2019",,활엽수림,기타활엽수,중경목,4영급,소,임분고 11m 이상 13m미만,386.81412093400,5636.00673145000
"1","2","2","30","2","4",B,"10",J12230,NEB-24B,"2020",,활엽수림,기타활엽수,중경목,4영급,중,임분고 9m 이상 11m미만,547.17426784100,7648.46490313000
"1","2","2","30","2","4",C,"00",J12230,NEB-24C,,,활엽수림,기타활엽수,중경목,4영급,밀,임분고 1m 미만,1134.08916453000,13260.25031560000
"1","2","2","30","2","4",C,"00",J12230,NEB-24C,"2017",,활엽수림,기타활엽수,중경목,4영급,밀,임분고 1m 미만,380.12754481400,5876.40898924000
"1","2","2","30","2","4",C,"14",J12230,NEB-24C,"2018",,활엽수림,기타활엽수,중경목,4영급,밀,임분고 13m 이상 15m미만,1168.79798260000,22684.70589900000
"1","2","2","30","2","4",C,"16",J12230,NEB-24C,,,활엽수림,기타활엽수,중경목,4영급,밀,임분고 15m 이상 17m미만,826.14219940200,12573.90855940000
"1","2","2","30","2","4",C,"16",J12230,NEB-24C,"2017",,활엽수림,기타활엽수,중경목,4영급,밀,임분고 15m 이상 17m미만,302.49682292400,3261.28753235000
"1","2","2","30","2","4",C,"16",J12230,NEB-24C,"2021",,활엽수림,기타활엽수,중경목,4영급,밀,임분고 15m 이상 17m미만,289.73967444200,2560.86446339000
"1","2","2","30","2","4",C,"18",J12230,NEB-24C,"2017",,활엽수림,기타활엽수,중경목,4영급,밀,임분고 17m 이상 19m미만,978.30976636100,21916.82095960000
"1","2","2","30","2","5",C,"00",J12230,NEB-25C,,,활엽수림,기타활엽수,중경목,5영급,밀,임분고 1m 미만,556.96475360400,13361.83301690000
"1","2","2","30","2","5",C,"00",J12230,NEB-25C,,,활엽수림,기타활엽수,중경목,5영급,밀,임분고 1m 미만,607.19048460000,10672.04148550000
"1","2","2","30","2","5",C,"16",J12230,NEB-25C,"2020",,활엽수림,기타활엽수,중경목,5영급,밀,임분고 15m 이상 17m미만,241.89802050800,2213.39710244000
"1","2","2","31","2","4",C,"16",J12231,NQA-24C,"2020",,활엽수림,상수리나무,중경목,4영급,밀,임분고 15m 이상 17m미만,199.55700570100,1543.05532236000
"1","2","2","31","2","5",C,"16",J12231,NQA-25C,"2019",,활엽수림,상수리나무,중경목,5영급,밀,임분고 15m 이상 17m미만,746.68375746100,23896.94070990000
"1","2","2","31","3","5",C,"00",J12231,NQA-35C,"2020",,활엽수림,상수리나무,대경목,5영급,밀,임분고 1m 미만,337.19632489300,2717.11544954000
"1","2","2","34","2","4",C,"00",J12234,NQQ-24C,,,활엽수림,기타 참나무류,중경목,4영급,밀,임분고 1m 미만,692.30729341900,11154.38608960000
"1","2","2","34","2","4",C,"00",J12234,NQQ-24C,,,활엽수림,기타 참나무류,중경목,4영급,밀,임분고 1m 미만,486.52835930600,14351.25712340000
"1","2","2","34","2","4",C,"00",J12234,NQQ-24C,,,활엽수림,기타 참나무류,중경목,4영급,밀,임분고 1m 미만,1769.92306620000,23091.58354110000
"1","2","2","34","2","4",C,"00",J12234,NQQ-24C,"2017",,활엽수림,기타 참나무류,중경목,4영급,밀,임분고 1m 미만,713.52681878300,20070.08740720000
"1","2","2","34","2","4",C,"00",J12234,NQQ-24C,"2017",,활엽수림,기타 참나무류,중경목,4영급,밀,임분고 1m 미만,484.84133211800,7898.31223677000
"1","2","2","34","2","4",C,"00",J12234,NQQ-24C,"2018",,활엽수림,기타 참나무류,중경목,4영급,밀,임분고 1m 미만,520.97076812300,8141.61490821000
"1","2","2","34","2","4",C,"00",J12234,NQQ-24C,"2019",,활엽수림,기타 참나무류,중경목,4영급,밀,임분고 1m 미만,359.11588792200,4028.41822256000
"1","2","2","34","2","4",C,"00",J12234,NQQ-24C,"2020",,활엽수림,기타 참나무류,중경목,4영급,밀,임분고 1m 미만,298.08297948500,3793.89736579000
"1","2","2","34","2","4",C,"00",J12234,NQQ-24C,"2020",,활엽수림,기타 참나무류,중경목,4영급,밀,임분고 1m 미만,226.81668537800,1731.57907877000
"1","2","2","34","2","4",C,"16",J12234,NQQ-24C,"2021",,활엽수림,기타 참나무류,중경목,4영급,밀,임분고 15m 이상 17m미만,1549.60891760000,60315.47208830000
"1","2","2","34","2","5",C,"00",J12234,NQQ-25C,,,활엽수림,기타 참나무류,중경목,5영급,밀,임분고 1m 미만,215.58939910200,2981.99245542000
"1","2","2","34","2","5",C,"00",J12234,NQQ-25C,,,활엽수림,기타 참나무류,중경목,5영급,밀,임분고 1m 미만,978.04171311900,25806.60078830000
"1","2","2","34","2","5",C,"00",J12234,NQQ-25C,,,활엽수림,기타 참나무류,중경목,5영급,밀,임분고 1m 미만,424.94725169500,4751.60480045000
"1","2","2","34","2","5",C,"00",J12234,NQQ-25C,,,활엽수림,기타 참나무류,중경목,5영급,밀,임분고 1m 미만,510.22076140000,7807.57486993000
"1","2","2","34","2","5",C,"00",J12234,NQQ-25C,,,활엽수림,기타 참나무류,중경목,5영급,밀,임분고 1m 미만,952.10476561500,15098.44885460000
"1","2","2","34","2","5",C,"00",J12234,NQQ-25C,"2017",,활엽수림,기타 참나무류,중경목,5영급,밀,임분고 1m 미만,757.98579992800,15191.14261930000
"1","2","2","34","2","5",C,"00",J12234,NQQ-25C,"2017",,활엽수림,기타 참나무류,중경목,5영급,밀,임분고 1m 미만,160.17533716800,1704.50347188000
"1","2","2","34","2","5",C,"00",J12234,NQQ-25C,"2018",,활엽수림,기타 참나무류,중경목,5영급,밀,임분고 1m 미만,235.02986949400,3305.27602217000
"1","2","2","34","2","5",C,"00",J12234,NQQ-25C,"2020",,활엽수림,기타 참나무류,중경목,5영급,밀,임분고 1m 미만,974.81616774500,14376.24898140000
"1","2","2","34","2","5",C,"00",J12234,NQQ-25C,"2020",,활엽수림,기타 참나무류,중경목,5영급,밀,임분고 1m 미만,1766.97334655000,52114.37994560000
"1","2","3","77","1","3",C,"00",J12377,NMM-13C,"2020",수고측정불가지역,혼효림,침활혼효림,소경목,3영급,밀,임분고 1m 미만,505.62247097500,9308.01293672000
"1","2","3","77","1","3",C,"14",J12377,NMM-13C,,,혼효림,침활혼효림,소경목,3영급,밀,임분고 13m 이상 15m미만,369.97767278200,7289.83702747000
"1","2","3","77","2","4",B,"00",J12377,NMM-24B,,,혼효림,침활혼효림,중경목,4영급,중,임분고 1m 미만,360.79416820300,8560.76360745000
"1","2","3","77","2","4",C,"00",J12377,NMM-24C,,,혼효림,침활혼효림,중경목,4영급,밀,임분고 1m 미만,660.75025070100,9785.62678488000
"1","2","3","77","2","4",C,"00",J12377,NMM-24C,"2017",,혼효림,침활혼효림,중경목,4영급,밀,임분고 1m 미만,393.10575147100,7929.63473434000
"1","2","3","77","2","4",C,"00",J12377,NMM-24C,"2017",,혼효림,침활혼효림,중경목,4영급,밀,임분고 1m 미만,471.04986459700,7211.24509211000
"1","2","3","77","2","4",C,"00",J12377,NMM-24C,"2018",,혼효림,침활혼효림,중경목,4영급,밀,임분고 1m 미만,546.10268230500,12354.89593390000
"1","2","3","77","2","4",C,"00",J12377,NMM-24C,"2019",,혼효림,침활혼효림,중경목,4영급,밀,임분고 1m 미만,286.36957858200,4532.51045258000
"1","2","3","77","2","4",C,"00",J12377,NMM-24C,"2019",,혼효림,침활혼효림,중경목,4영급,밀,임분고 1m 미만,225.74154726500,2877.45037934000
"1","2","3","77","2","4",C,"10",J12377,NMM-24C,"2019",,혼효림,침활혼효림,중경목,4영급,밀,임분고 9m 이상 11m미만,834.56382082800,11199.63033640000
"1","2","3","77","2","5",C,"00",J12377,NMM-25C,"2019",,혼효림,침활혼효림,중경목,5영급,밀,임분고 1m 미만,266.87787267400,3345.07203300000
"1","1","2","49","2","5",C,"18",J11249,ARP-25C,"2019",,활엽수림,아까시나무,중경목,5영급,밀,임분고 17m 이상 19m미만,254.29861812400,1170.16948262000
"1","2","1","11","1","5",C,"12",J12111,NPD-15C,,생육불량,침엽수림,소나무,소경목,5영급,밀,임분고 11m 이상 13m미만,56.26059879100,156.85180530500
"1","2","2","30","2","5",C,"14",J12230,NEB-25C,"2019",,활엽수림,기타활엽수,중경목,5영급,밀,임분고 13m 이상 15m미만,200.48023954700,2079.15074414000
"1","2","2","31","2","5",C,"20",J12231,NQA-25C,"2019",,활엽수림,상수리나무,중경목,5영급,밀,임분고 19m 이상 21m미만,459.81104152900,6283.89067828000
"1","2","2","34","2","4",C,"14",J12234,NQQ-24C,"2019",,활엽수림,기타 참나무류,중경목,4영급,밀,임분고 13m 이상 15m미만,300.69813296600,3133.49969939000
"0","0","0","93",,,,,J00093,C,"2017",,무립목지/비산림,경작지,,,,,56.83930171020,98.49249539530
"1","1","1","12","2","4",C,"14",J11112,APK-24C,"2017",,침엽수림,잣나무,중경목,4영급,밀,임분고 13m 이상 15m미만,116.16522947400,377.25314042100
"1","1","1","14","2","5",C,"12",J11114,APR-25C,,,침엽수림,리기다소나무,중경목,5영급,밀,임분고 11m 이상 13m미만,800.24901015800,9843.25519450000
"1","1","2","49","2","5",C,"14",J11249,ARP-25C,,,활엽수림,아까시나무,중경목,5영급,밀,임분고 13m 이상 15m미만,265.13795622800,1127.35196131000
"1","1","2","49","2","5",C,"16",J11249,ARP-25C,,,활엽수림,아까시나무,중경목,5영급,밀,임분고 15m 이상 17m미만,101.80281314300,323.40656943100
"1","2","2","34","2","4",C,"20",J12234,NQQ-24C,"2018",,활엽수림,기타 참나무류,중경목,4영급,밀,임분고 19m 이상 21m미만,874.04508186200,13201.08620560000
"1","2","3","77","2","4",C,"14",J12377,NMM-24C,"2018",,혼효림,침활혼효림,중경목,4영급,밀,임분고 13m 이상 15m미만,1139.76326492000,52656.12526730000
"1","2","2","34","2","5",C,"14",J12234,NQQ-25C,"2017",,활엽수림,기타 참나무류,중경목,5영급,밀,임분고 13m 이상 15m미만,2559.68467799000,125430.20161900000
"1","1","2","45","2","4",C,"16",J11245,APO-24C,"2018",,활엽수림,포플러,중경목,4영급,밀,임분고 15m 이상 17m미만,1107.59931191000,24079.52633600000
"1","2","2","30","2","4",C,"14",J12230,NEB-24C,,,활엽수림,기타활엽수,중경목,4영급,밀,임분고 13m 이상 15m미만,277.98693959900,2155.64271001000
"1","2","2","30","2","4",C,"14",J12230,NEB-24C,"2019",,활엽수림,기타활엽수,중경목,4영급,밀,임분고 13m 이상 15m미만,574.83145443300,11932.54487780000
"1","2","2","30","2","5",C,"16",J12230,NEB-25C,"2020",,활엽수림,기타활엽수,중경목,5영급,밀,임분고 15m 이상 17m미만,1972.19673566000,32671.16334120000
"1","2","2","34","2","5",C,"08",J12234,NQQ-25C,"2020",,활엽수림,기타 참나무류,중경목,5영급,밀,임분고 7m 이상 9m미만,188.39048295000,342.51491262600
"1","1","2","49","2","5",C,"18",J11249,ARP-25C,"2019",,활엽수림,아까시나무,중경목,5영급,밀,임분고 17m 이상 19m미만,520.31814144000,5017.18582504000
"1","1","2","49","2","4",C,"08",J11249,ARP-24C,"2019",,활엽수림,아까시나무,중경목,4영급,밀,임분고 7m 이상 9m미만,30.44487966160,13.31470343310
"1","2","2","31","2","4",C,"08",J12231,NQA-24C,,,활엽수림,상수리나무,중경목,4영급,밀,임분고 7m 이상 9m미만,293.80134480200,1490.31422895000
"1","2","2","31","2","4",C,"10",J12231,NQA-24C,,,활엽수림,상수리나무,중경목,4영급,밀,임분고 9m 이상 11m미만,605.41862160200,8201.46100161000
"1","1","2","49","2","4",C,"18",J11249,ARP-24C,"2019",,활엽수림,아까시나무,중경목,4영급,밀,임분고 17m 이상 19m미만,284.19018252800,3728.12232335000
"1","2","2","34","1","2",C,"00",J12234,NQQ-12C,"2019",수고측정불가지역,활엽수림,기타 참나무류,소경목,2영급,밀,임분고 1m 미만,105.58006478700,45.95986071500
"0","0","0","91",,,,,J00091,S,"2021",,무립목지/비산림,주거지,,,,,1288.99198618000,86098.20585000000
"0","0","0","91",,,,,J00091,S,"2021",,무립목지/비산림,주거지,,,,,446.75298747900,13234.73707540000
"1","1","1","12","2","4",C,"06",J11112,APK-24C,"2019",,침엽수림,잣나무,중경목,4영급,밀,임분고 5m 이상 7m미만,169.35542480500,1567.34938857000
"1","1","2","30","0","1",A,"00",J11230,AEB-01A,"2020",2019사유림_조림(이팝나무),활엽수림,기타활엽수,치수,1영급,소,임분고 1m 미만,351.88125747600,3712.60289849000
"1","1","2","49","2","4",B,"10",J11249,ARP-24B,,,활엽수림,아까시나무,중경목,4영급,중,임분고 9m 이상 11m미만,381.40604957900,5668.24255521000
"1","1","2","49","2","4",C,"06",J11249,ARP-24C,"2019",,활엽수림,아까시나무,중경목,4영급,밀,임분고 5m 이상 7m미만,293.56273471900,2681.42427813000
"1","1","2","49","2","4",C,"06",J11249,ARP-24C,"2019",,활엽수림,아까시나무,중경목,4영급,밀,임분고 5m 이상 7m미만,154.92756062000,1343.58793092000
"1","1","2","49","2","4",C,"08",J11249,ARP-24C,"2017",,활엽수림,아까시나무,중경목,4영급,밀,임분고 7m 이상 9m미만,302.29221740000,5638.21978737000
"1","1","2","49","2","4",C,"08",J11249,ARP-24C,"2018",,활엽수림,아까시나무,중경목,4영급,밀,임분고 7m 이상 9m미만,321.96590468900,3360.76050904000
"1","1","2","49","2","4",C,"14",J11249,ARP-24C,"2018",,활엽수림,아까시나무,중경목,4영급,밀,임분고 13m 이상 15m미만,219.93090291400,1530.57401981000
"1","1","2","49","2","5",C,"10",J11249,ARP-25C,"2021",,활엽수림,아까시나무,중경목,5영급,밀,임분고 9m 이상 11m미만,417.84858202700,6716.46422444000
"1","1","2","49","2","5",C,"12",J11249,ARP-25C,"2021",,활엽수림,아까시나무,중경목,5영급,밀,임분고 11m 이상 13m미만,119.44823637900,572.07515183300
"1","2","1","11","2","4",B,"06",J12111,NPD-24B,"2018",잣 혼생,침엽수림,소나무,중경목,4영급,중,임분고 5m 이상 7m미만,314.03650183300,5188.87098092000
"1","2","1","11","2","5",B,"14",J12111,NPD-25B,"2021",잣 혼생,침엽수림,소나무,중경목,5영급,중,임분고 13m 이상 15m미만,674.35212324600,7732.84705533000
"1","2","1","11","2","5",C,"06",J12111,NPD-25C,"2019",생육불량,침엽수림,소나무,중경목,5영급,밀,임분고 5m 이상 7m미만,535.41666452800,17002.81676420000
"1","2","1","11","2","5",C,"10",J12111,NPD-25C,,,침엽수림,소나무,중경목,5영급,밀,임분고 9m 이상 11m미만,256.87283152500,1326.05280900000
"1","2","2","30","1","2",C,"04",J12230,NEB-12C,,,활엽수림,기타활엽수,소경목,2영급,밀,임분고 3m 이상 5m미만,376.64654999900,3151.14357015000
"1","2","2","30","1","3",B,"06",J12230,NEB-13B,,,활엽수림,기타활엽수,소경목,3영급,중,임분고 5m 이상 7m미만,878.78235409300,7421.84599065000
"1","2","2","30","1","3",C,"00",J12230,NEB-13C,"2020",,활엽수림,기타활엽수,소경목,3영급,밀,임분고 1m 미만,631.84331866700,23521.64776560000
"1","2","2","30","1","3",C,"06",J12230,NEB-13C,"2018",,활엽수림,기타활엽수,소경목,3영급,밀,임분고 5m 이상 7m미만,284.13259369100,4054.79223657000
"1","2","2","30","1","3",C,"08",J12230,NEB-13C,"2017",,활엽수림,기타활엽수,소경목,3영급,밀,임분고 7m 이상 9m미만,193.29395175000,1378.25846031000
"1","2","2","30","1","3",C,"10",J12230,NEB-13C,"2019",,활엽수림,기타활엽수,소경목,3영급,밀,임분고 9m 이상 11m미만,997.71754937400,20407.90146550000
"1","2","2","30","2","4",C,"06",J12230,NEB-24C,,,활엽수림,기타활엽수,중경목,4영급,밀,임분고 5m 이상 7m미만,268.74179580600,3004.32919599000
"1","2","2","30","2","4",C,"06",J12230,NEB-24C,,생육불량,활엽수림,기타활엽수,중경목,4영급,밀,임분고 5m 이상 7m미만,195.89449802700,722.07268066800
"1","2","2","30","2","4",C,"08",J12230,NEB-24C,,,활엽수림,기타활엽수,중경목,4영급,밀,임분고 7m 이상 9m미만,260.04916733500,1316.60921633000
"1","2","2","30","2","4",C,"08",J12230,NEB-24C,"2017",,활엽수림,기타활엽수,중경목,4영급,밀,임분고 7m 이상 9m미만,496.46594420200,13468.77775650000
"1","2","2","30","2","4",C,"08",J12230,NEB-24C,"2019",,활엽수림,기타활엽수,중경목,4영급,밀,임분고 7m 이상 9m미만,645.40016660000,12107.09663040000
"1","2","2","30","2","4",C,"10",J12230,NEB-24C,"2019",,활엽수림,기타활엽수,중경목,4영급,밀,임분고 9m 이상 11m미만,584.42150852000,6816.28053448000
"1","2","2","30","2","5",C,"06",J12230,NEB-25C,,,활엽수림,기타활엽수,중경목,5영급,밀,임분고 5m 이상 7m미만,415.32124906500,6204.44175734000
"1","2","2","30","2","5",C,"08",J12230,NEB-25C,"2019",,활엽수림,기타활엽수,중경목,5영급,밀,임분고 7m 이상 9m미만,1142.95158588000,22787.13607830000
"1","2","2","30","2","5",C,"10",J12230,NEB-25C,"2020",,활엽수림,기타활엽수,중경목,5영급,밀,임분고 9m 이상 11m미만,600.80954310200,14811.18108550000
"1","2","2","30","2","5",C,"12",J12230,NEB-25C,"2019",,활엽수림,기타활엽수,중경목,5영급,밀,임분고 11m 이상 13m미만,195.74096031900,2816.97957118000
"1","2","2","31","2","4",C,"12",J12231,NQA-24C,"2018",,활엽수림,상수리나무,중경목,4영급,밀,임분고 11m 이상 13m미만,867.57718059300,11767.34962390000
"1","2","2","34","2","4",B,"10",J12234,NQQ-24B,"2020",,활엽수림,기타 참나무류,중경목,4영급,중,임분고 9m 이상 11m미만,253.31716761700,4100.75425277000
"1","2","2","34","2","4",C,"08",J12234,NQQ-24C,,,활엽수림,기타 참나무류,중경목,4영급,밀,임분고 7m 이상 9m미만,179.61319470000,1743.23759325000
"1","2","2","34","2","4",C,"08",J12234,NQQ-24C,"2019",,활엽수림,기타 참나무류,중경목,4영급,밀,임분고 7m 이상 9m미만,465.82182809000,4199.64973080000
"1","2","2","34","2","4",C,"08",J12234,NQQ-24C,"2019",,활엽수림,기타 참나무류,중경목,4영급,밀,임분고 7m 이상 9m미만,366.07499484300,5249.08174695000
"1","2","3","77","1","3",C,"06",J12377,NMM-13C,"2017",,혼효림,침활혼효림,소경목,3영급,밀,임분고 5m 이상 7m미만,541.30363350400,7852.63873719000
"1","2","3","77","1","5",C,"06",J12377,NMM-15C,"2017",생육불량,혼효림,침활혼효림,소경목,5영급,밀,임분고 5m 이상 7m미만,464.35652734800,5190.87471092000
"1","2","3","77","1","5",C,"06",J12377,NMM-15C,"2018",생육불량,혼효림,침활혼효림,소경목,5영급,밀,임분고 5m 이상 7m미만,432.76787354900,6303.72968789000
"1","2","3","77","2","4",C,"10",J12377,NMM-24C,,,혼효림,침활혼효림,중경목,4영급,밀,임분고 9m 이상 11m미만,1152.26157239000,16752.29120510000
"1","2","3","77","2","4",C,"10",J12377,NMM-24C,,,혼효림,침활혼효림,중경목,4영급,밀,임분고 9m 이상 11m미만,644.58230090900,11436.57067690000
"1","2","3","77","2","4",C,"10",J12377,NMM-24C,"2018",,혼효림,침활혼효림,중경목,4영급,밀,임분고 9m 이상 11m미만,855.48577056500,7153.42368579000
"1","2","3","77","2","4",C,"10",J12377,NMM-24C,"2018",,혼효림,침활혼효림,중경목,4영급,밀,임분고 9m 이상 11m미만,685.08725988400,14672.21715400000
"1","2","3","77","2","4",C,"12",J12377,NMM-24C,"2021",,혼효림,침활혼효림,중경목,4영급,밀,임분고 11m 이상 13m미만,1546.92202440000,30186.42227840000
"1","2","3","77","2","5",B,"10",J12377,NMM-25B,"2021",,혼효림,침활혼효림,중경목,5영급,중,임분고 9m 이상 11m미만,344.53473068000,5450.73516388000
"1","2","3","77","2","5",C,"10",J12377,NMM-25C,"2018",,혼효림,침활혼효림,중경목,5영급,밀,임분고 9m 이상 11m미만,370.59355621900,3151.44914625000
"2","0","0","81",,,,,J20081,N,,,무립목지/비산림,미립목지,,,,,153.80671003100,767.50135901000
"1","1","1","12","1","2",C,"16",J11112,APK-12C,"2020",,침엽수림,잣나무,소경목,2영급,밀,임분고 15m 이상 17m미만,134.99886411900,964.19290597000
"1","1","1","12","1","3",C,"18",J11112,APK-13C,"2020",,침엽수림,잣나무,소경목,3영급,밀,임분고 17m 이상 19m미만,234.39784802100,2884.94742627000
"1","1","1","14","2","5",C,"12",J11114,APR-25C,"2021",,침엽수림,리기다소나무,중경목,5영급,밀,임분고 11m 이상 13m미만,48.66443618400,29.27479304350
"1","1","2","30","0","1",A,"00",J11230,AEB-01A,"2020",,활엽수림,기타활엽수,치수,1영급,소,임분고 1m 미만,164.54828568100,1181.93844268000
"1","1","2","30","0","1",A,"00",J11230,AEB-01A,"2020",,활엽수림,기타활엽수,치수,1영급,소,임분고 1m 미만,357.03554406600,2340.81299650000
"1","1","2","49","2","4",C,"16",J11249,ARP-24C,"2020",,활엽수림,아까시나무,중경목,4영급,밀,임분고 15m 이상 17m미만,1187.70286062000,22185.09261830000
"1","1","2","49","2","4",C,"16",J11249,ARP-24C,"2020",,활엽수림,아까시나무,중경목,4영급,밀,임분고 15m 이상 17m미만,995.87837671900,14560.98868350000
"1","1","2","49","2","4",C,"22",J11249,ARP-24C,"2020",,활엽수림,아까시나무,중경목,4영급,밀,임분고 21m 이상 23m미만,195.00224808300,1225.56772229000
"1","1","2","49","2","4",C,"24",J11249,ARP-24C,"2020",,활엽수림,아까시나무,중경목,4영급,밀,임분고 23m 이상 25m미만,598.25106096600,13288.15797080000
"1","2","1","11","2","4",C,"16",J12111,NPD-24C,"2019",,침엽수림,소나무,중경목,4영급,밀,임분고 15m 이상 17m미만,513.52291263100,7561.12572859000
"1","2","1","11","2","5",B,"14",J12111,NPD-25B,"2021",잣 혼생,침엽수림,소나무,중경목,5영급,중,임분고 13m 이상 15m미만,334.41201511900,3836.75297468000
"1","2","1","11","2","5",B,"14",J12111,NPD-25B,"2021",잣 혼생,침엽수림,소나무,중경목,5영급,중,임분고 13m 이상 15m미만,144.11034889500,1079.82936364000
"1","2","2","30","2","4",C,"18",J12230,NEB-24C,,,활엽수림,기타활엽수,중경목,4영급,밀,임분고 17m 이상 19m미만,1606.05913334000,24667.56473190000
"1","2","2","30","2","4",C,"18",J12230,NEB-24C,"2020",,활엽수림,기타활엽수,중경목,4영급,밀,임분고 17m 이상 19m미만,1382.50947767000,26537.82458640000
"1","2","2","30","2","4",C,"20",J12230,NEB-24C,"2017",,활엽수림,기타활엽수,중경목,4영급,밀,임분고 19m 이상 21m미만,1070.15415256000,30038.83278800000
"1","2","2","30","2","4",C,"20",J12230,NEB-24C,"2019",대경목 혼생,활엽수림,기타활엽수,중경목,4영급,밀,임분고 19m 이상 21m미만,553.47054413500,20728.36830670000
"1","2","2","30","2","4",C,"24",J12230,NEB-24C,"2017",,활엽수림,기타활엽수,중경목,4영급,밀,임분고 23m 이상 25m미만,388.77731436400,10191.00130190000
"1","2","2","30","3","5",B,"14",J12230,NEB-35B,"2019",버드나무,활엽수림,기타활엽수,대경목,5영급,중,임분고 13m 이상 15m미만,2958.34414785000,245444.50208899999
"1","2","2","30","3","5",C,"14",J12230,NEB-35C,"2017",,활엽수림,기타활엽수,대경목,5영급,밀,임분고 13m 이상 15m미만,659.01279752300,6663.48714035000
"1","2","2","31","2","4",C,"08",J12231,NQA-24C,"2019",,활엽수림,상수리나무,중경목,4영급,밀,임분고 7m 이상 9m미만,58.06702624960,176.86238875000
"1","2","2","34","2","4",B,"26",J12234,NQQ-24B,"2017",,활엽수림,기타 참나무류,중경목,4영급,중,임분고 25m 이상 27m미만,321.04761855500,3831.27163750000
"1","2","2","34","2","4",C,"18",J12234,NQQ-24C,"2017",,활엽수림,기타 참나무류,중경목,4영급,밀,임분고 17m 이상 19m미만,269.81956834300,3591.89986190000
"1","2","2","34","2","4",C,"18",J12234,NQQ-24C,"2018",,활엽수림,기타 참나무류,중경목,4영급,밀,임분고 17m 이상 19m미만,239.29705555800,3603.20991150000
"1","2","2","34","2","4",C,"20",J12234,NQQ-24C,,,활엽수림,기타 참나무류,중경목,4영급,밀,임분고 19m 이상 21m미만,617.54650872000,8813.71592616000
"1","2","2","34","2","4",C,"20",J12234,NQQ-24C,"2017",,활엽수림,기타 참나무류,중경목,4영급,밀,임분고 19m 이상 21m미만,497.73207891300,7607.87238218000
"1","2","2","34","2","4",C,"20",J12234,NQQ-24C,"2021",,활엽수림,기타 참나무류,중경목,4영급,밀,임분고 19m 이상 21m미만,405.25797030600,6887.68233384000
"1","2","2","34","2","5",C,"16",J12234,NQQ-25C,"2019",,활엽수림,기타 참나무류,중경목,5영급,밀,임분고 15m 이상 17m미만,592.39074645700,11106.61901850000
"1","2","3","77","2","4",C,"20",J12377,NMM-24C,"2019",,혼효림,침활혼효림,중경목,4영급,밀,임분고 19m 이상 21m미만,198.85495861200,1564.11811040000
"1","2","3","77","2","4",C,"20",J12377,NMM-24C,"2019",,혼효림,침활혼효림,중경목,4영급,밀,임분고 19m 이상 21m미만,780.86555987200,18749.65320680000
"1","2","3","77","2","4",C,"22",J12377,NMM-24C,"2018",,혼효림,침활혼효림,중경목,4영급,밀,임분고 21m 이상 23m미만,329.88033759900,6394.83466794000
"1","2","3","77","2","5",B,"10",J12377,NMM-25B,"2021",,혼효림,침활혼효림,중경목,5영급,중,임분고 9m 이상 11m미만,110.70842180700,343.75387979800
"2","0","0","81",,,,,J20081,N,"2021",수고측정불가지역,무립목지/비산림,미립목지,,,,,956.80212161800,49801.63576380000
"2","0","0","82",,,,,J20082,R,"2021",수고측정불가지역,무립목지/비산림,제지,,,,,871.78475252600,44880.35878510000
"1","2","2","31","2","4",C,"08",J12231,NQA-24C,,,활엽수림,상수리나무,중경목,4영급,밀,임분고 7m 이상 9m미만,259.60160144900,1816.64397122000
"1","2","2","31","2","4",C,"10",J12231,NQA-24C,,,활엽수림,상수리나무,중경목,4영급,밀,임분고 9m 이상 11m미만,397.71571973800,1960.85651112000
"1","2","2","34","2","5",C,"16",J12234,NQQ-25C,,,활엽수림,기타 참나무류,중경목,5영급,밀,임분고 15m 이상 17m미만,285.88210686100,3855.25202453000
"1","1","1","14","1","5",C,"06",J11114,APR-15C,"2021",,침엽수림,리기다소나무,소경목,5영급,밀,임분고 5m 이상 7m미만,203.28386117800,2131.56099346000
"1","2","2","31","2","4",C,"06",J12231,NQA-24C,,,활엽수림,상수리나무,중경목,4영급,밀,임분고 5m 이상 7m미만,1120.12825885000,25216.20842790000
"1","2","2","33","2","4",C,"08",J12233,NQV-24C,,,활엽수림,굴참나무,중경목,4영급,밀,임분고 7m 이상 9m미만,435.19013386300,4920.25112416000
"1","2","3","77","1","5",C,"06",J12377,NMM-15C,"2018",생육불량,혼효림,침활혼효림,소경목,5영급,밀,임분고 5m 이상 7m미만,1002.61539861000,24062.56062850000
"2","0","0","82",,,,,J20082,R,,,무립목지/비산림,제지,,,,,163.40382294100,1289.45172974000
"2","0","0","82",,,,,J20082,R,"2020",,무립목지/비산림,제지,,,,,443.52689476700,6863.82435990000
"1","1","1","14","2","5",C,"12",J11114,APR-25C,"2021",,침엽수림,리기다소나무,중경목,5영급,밀,임분고 11m 이상 13m미만,727.10692663800,10766.28639030000
"1","1","1","12","1","4",C,"12",J11112,APK-14C,,,침엽수림,잣나무,소경목,4영급,밀,임분고 11m 이상 13m미만,132.70684392500,893.12685940700
"2","0","0","82",,,,,J20082,R,,,무립목지/비산림,제지,,,,,101.90096467700,581.87142194100
"0","0","0","91",,,,,J00091,S,,,무립목지/비산림,주거지,,,,,217.07478066800,1871.66437147000
"1","2","2","34","2","4",C,"16",J12234,NQQ-24C,"2018",,활엽수림,기타 참나무류,중경목,4영급,밀,임분고 15m 이상 17m미만,1237.72493237000,34185.17235580000
"1","2","3","77","2","4",C,"16",J12377,NMM-24C,"2019",,혼효림,침활혼효림,중경목,4영급,밀,임분고 15m 이상 17m미만,362.47014767100,5611.26758508000
"1","1","1","12","2","4",C,"16",J11112,APK-24C,"2020",,침엽수림,잣나무,중경목,4영급,밀,임분고 15m 이상 17m미만,366.12568100500,1980.57673388000
"2","0","0","82",,,,,J20082,R,,암석지,무립목지/비산림,제지,,,,,260.69147012900,1798.51722255000
"1","2","2","30","2","4",B,"10",J12230,NEB-24B,,,활엽수림,기타활엽수,중경목,4영급,중,임분고 9m 이상 11m미만,415.97146865900,5082.40418853000
"2","0","0","81",,,,,J20081,N,"2021",,무립목지/비산림,미립목지,,,,,671.06136347700,11858.16730960000
"1","2","2","34","2","5",C,,J12234,NQQ-25C,"2019",수고측정불가지역,활엽수림,기타 참나무류,중경목,5영급,밀,,332.73601266200,5303.36023263000
"1","2","1","11","2","5",C,"14",J12111,NPD-25C,"2020",,침엽수림,소나무,중경목,5영급,밀,임분고 13m 이상 15m미만,330.71166983500,2916.34300877000
"0","0","0","91",,,,,J00091,S,,,무립목지/비산림,주거지,,,,,290.47451486300,5299.50403002000
"1","1","1","14","1","3",C,"06",J11114,APR-13C,"2018",,침엽수림,리기다소나무,소경목,3영급,밀,임분고 5m 이상 7m미만,293.35568268100,4424.58737251000
"1","1","2","49","2","4",C,"14",J11249,ARP-24C,"2020",,활엽수림,아까시나무,중경목,4영급,밀,임분고 13m 이상 15m미만,389.88020018200,4624.24976353000
"1","2","2","30","2","4",B,"16",J12230,NEB-24B,"2019",,활엽수림,기타활엽수,중경목,4영급,중,임분고 15m 이상 17m미만,905.26896868700,19223.03613520000
"1","1","1","12","1","3",C,"10",J11112,APK-13C,"2018",,침엽수림,잣나무,소경목,3영급,밀,임분고 9m 이상 11m미만,250.12300523000,1710.44386168000
"1","2","1","11","1","3",C,"10",J12111,NPD-13C,"2019",,침엽수림,소나무,소경목,3영급,밀,임분고 9m 이상 11m미만,350.35541226700,2562.81762945000
"1","1","2","49","1","3",C,"12",J11249,ARP-13C,"2018",,활엽수림,아까시나무,소경목,3영급,밀,임분고 11m 이상 13m미만,419.08672079900,5760.21320177000
"1","2","2","30","2","4",C,"14",J12230,NEB-24C,"2019",,활엽수림,기타활엽수,중경목,4영급,밀,임분고 13m 이상 15m미만,685.31039322700,11362.64062740000
"0","0","0","93",,,,,J00093,C,,,무립목지/비산림,경작지,,,,,209.81920957900,1224.27708324000
"1","1","1","17","1","2",B,"08",J11117,ACP-12B,,,침엽수림,편백나무,소경목,2영급,중,임분고 7m 이상 9m미만,167.03087184200,1217.14607803000
"0","0","0","91",,,,,J00091,S,,,무립목지/비산림,주거지,,,,,156.09077259900,1755.47002786000
"1","2","2","34","2","5",C,"16",J12234,NQQ-25C,"2018",,활엽수림,기타 참나무류,중경목,5영급,밀,임분고 15m 이상 17m미만,2306.79864838000,159227.65935500001
"1","1","1","14","1","3",C,"10",J11114,APR-13C,,,침엽수림,리기다소나무,소경목,3영급,밀,임분고 9m 이상 11m미만,815.13765552700,21441.94840030000
"1","2","2","34","2","5",C,"18",J12234,NQQ-25C,"2019",,활엽수림,기타 참나무류,중경목,5영급,밀,임분고 17m 이상 19m미만,493.11376455300,6342.04182338000
"1","1","1","14","2","4",C,"12",J11114,APR-24C,"2017",,침엽수림,리기다소나무,중경목,4영급,밀,임분고 11m 이상 13m미만,1649.58643099000,48806.25934400000
"0","0","0","91",,,,,J00091,S,,,무립목지/비산림,주거지,,,,,190.52140719700,2622.91907900000
"1","2","3","77","2","5",C,"18",J12377,NMM-25C,"2019",,혼효림,침활혼효림,중경목,5영급,밀,임분고 17m 이상 19m미만,682.22210556600,15198.29470790000
"0","0","0","91",,,,,J00091,S,"2020",,무립목지/비산림,주거지,,,,,56.85613189210,71.08760581980
"1","1","2","49","2","4",C,"22",J11249,ARP-24C,"2020",,활엽수림,아까시나무,중경목,4영급,밀,임분고 21m 이상 23m미만,2268.50240352000,112347.17280499999
"1","2","2","31","2","5",C,"16",J12231,NQA-25C,"2019",,활엽수림,상수리나무,중경목,5영급,밀,임분고 15m 이상 17m미만,464.82202427100,10788.23210590000
"1","1","1","12","1","2",C,"00",J11112,APK-12C,,,침엽수림,잣나무,소경목,2영급,밀,임분고 1m 미만,890.72617886200,10129.19196130000
"0","0","0","91",,,,,J00091,S,,,무립목지/비산림,주거지,,,,,167.78853837200,1795.43521322000
"1","1","1","12","1","2",C,"00",J11112,APK-12C,"2017",,침엽수림,잣나무,소경목,2영급,밀,임분고 1m 미만,167.69816543900,1361.85893301000
"1","2","1","11","2","4",C,"00",J12111,NPD-24C,"2017",,침엽수림,소나무,중경목,4영급,밀,임분고 1m 미만,467.96514032900,12703.91644340000
"1","1","1","12","1","3",C,"10",J11112,APK-13C,"2017",,침엽수림,잣나무,소경목,3영급,밀,임분고 9m 이상 11m미만,178.68541639100,2054.43354090000
"0","0","0","91",,,,,J00091,S,"2020",,무립목지/비산림,주거지,,,,,55.62047083620,219.30265978500
"1","1","1","12","1","3",C,"20",J11112,APK-13C,,,침엽수림,잣나무,소경목,3영급,밀,임분고 19m 이상 21m미만,357.20875289200,2419.76405268000
"0","0","0","91",,,,,J00091,S,,,무립목지/비산림,주거지,,,,,160.19627523400,1334.64360123000
"1","1","2","45","2","4",C,"14",J11245,APO-24C,"2020",,활엽수림,포플러,중경목,4영급,밀,임분고 13m 이상 15m미만,253.52483235400,3163.20188165000
"0","0","0","91",,,,,J00091,S,,,무립목지/비산림,주거지,,,,,176.88868904800,1839.24809336000
"1","1","1","12","2","3",C,"00",J11112,APK-23C,"2017",수고측정불가지역,침엽수림,잣나무,중경목,3영급,밀,임분고 1m 미만,662.05239472600,12271.43207510000
"1","2","2","30","3","6",C,"20",J12230,NEB-36C,"2019",,활엽수림,기타활엽수,대경목,6영급,밀,임분고 19m 이상 21m미만,1220.10504867000,30323.27470140000
"1","2","1","11","1","3",C,"00",J12111,NPD-13C,"2017",수고측정불가지역,침엽수림,소나무,소경목,3영급,밀,임분고 1m 미만,338.94912275700,5616.93810993000
"1","1","1","12","1","3",C,"00",J11112,APK-13C,"2020",수고측정불가지역,침엽수림,잣나무,소경목,3영급,밀,임분고 1m 미만,515.08421955000,10395.48306860000
"1","2","2","34","2","4",C,"12",J12234,NQQ-24C,,,활엽수림,기타 참나무류,중경목,4영급,밀,임분고 11m 이상 13m미만,409.40764986300,7937.17423697000
"1","2","2","30","2","4",C,"14",J12230,NEB-24C,"2019","기타활엽수류 및 참나무류, 아까시 등",활엽수림,기타활엽수,중경목,4영급,밀,임분고 13m 이상 15m미만,1908.12966614000,30057.96238680000
"1","2","3","77","2","4",C,"16",J12377,NMM-24C,"2021",,혼효림,침활혼효림,중경목,4영급,밀,임분고 15m 이상 17m미만,348.21713259700,5918.94734282000
"1","2","2","34","2","4",C,"18",J12234,NQQ-24C,"2020",,활엽수림,기타 참나무류,중경목,4영급,밀,임분고 17m 이상 19m미만,2862.88639546000,81027.28980889999
"1","2","2","34","2","5",C,"18",J12234,NQQ-25C,"2018",,활엽수림,기타 참나무류,중경목,5영급,밀,임분고 17m 이상 19m미만,100.16654627000,535.24181547800
"0","0","0","93",,,,,J00093,C,,,무립목지/비산림,경작지,,,,,154.67724571500,1508.04702653000
"1","2","2","30","2","5",B,"10",J12230,NEB-25B,"2020",,활엽수림,기타활엽수,중경목,5영급,중,임분고 9m 이상 11m미만,1395.06632717000,27814.76599810000
"1","2","3","77","1","3",C,"00",J12377,NMM-13C,"2019",,혼효림,침활혼효림,소경목,3영급,밀,임분고 1m 미만,521.14362450600,9043.99523018000
"1","2","2","34","2","4",C,"00",J12234,NQQ-24C,"2020",,활엽수림,기타 참나무류,중경목,4영급,밀,임분고 1m 미만,1051.83176567000,16646.05330830000
"1","1","1","12","1","3",C,"00",J11112,APK-13C,,,침엽수림,잣나무,소경목,3영급,밀,임분고 1m 미만,163.25746315200,1890.81381284000
"1","1","2","49","2","4",C,"00",J11249,ARP-24C,"2017",,활엽수림,아까시나무,중경목,4영급,밀,임분고 1m 미만,523.12848373800,9958.13959469000
"0","0","0","91",,,,,J00091,S,,,무립목지/비산림,주거지,,,,,66.55749954730,338.85032238700
"0","0","0","93",,,,,J00093,C,"2020",,무립목지/비산림,경작지,,,,,129.17770588400,961.86202528600
"0","0","0","91",,,,,J00091,S,,,무립목지/비산림,주거지,,,,,155.16952629300,1811.09916274000
"1","2","2","34","2","5",C,"00",J12234,NQQ-25C,"2017",,활엽수림,기타 참나무류,중경목,5영급,밀,임분고 1m 미만,944.72183908700,46974.65503380000
"1","1","1","12","1","3",C,"12",J11112,APK-13C,"2019",,침엽수림,잣나무,소경목,3영급,밀,임분고 11m 이상 13m미만,308.45481019100,3755.69061671000
"1","1","1","12","1","3",C,"08",J11112,APK-13C,,,침엽수림,잣나무,소경목,3영급,밀,임분고 7m 이상 9m미만,345.69200936400,6055.96382983000
"1","2","2","34","2","4",C,"18",J12234,NQQ-24C,"2020",,활엽수림,기타 참나무류,중경목,4영급,밀,임분고 17m 이상 19m미만,792.75405623100,21508.48925950000
"1","2","2","30","2","4",C,"10",J12230,NEB-24C,"2019",,활엽수림,기타활엽수,중경목,4영급,밀,임분고 9m 이상 11m미만,271.12255332200,2539.11828064000
"1","2","2","34","2","4",C,"14",J12234,NQQ-24C,"2020",,활엽수림,기타 참나무류,중경목,4영급,밀,임분고 13m 이상 15m미만,273.40175338900,3915.18978391000
"1","2","1","11","2","4",C,"14",J12111,NPD-24C,"2020",,침엽수림,소나무,중경목,4영급,밀,임분고 13m 이상 15m미만,514.00995304100,8243.02368967000
"1","2","2","34","2","4",C,"00",J12234,NQQ-24C,"2020",,활엽수림,기타 참나무류,중경목,4영급,밀,임분고 1m 미만,1791.04096698000,35859.76711910000
"0","0","0","91",,,,,J00091,S,,,무립목지/비산림,주거지,,,,,270.92457983200,4539.95145892000
"1","2","1","11","2","4",C,"00",J12111,NPD-24C,,,침엽수림,소나무,중경목,4영급,밀,임분고 1m 미만,378.27815771900,8281.13251096000
"1","1","2","30","0","1",A,"00",J11230,AEB-01A,"2017","2017사유림_조림(버즘나무,화살나무,활엽수,기타), 2013사유림_조림(복자기나무,40본)",활엽수림,기타활엽수,치수,1영급,소,임분고 1m 미만,279.20653575100,5151.04058080000
"0","0","0","91",,,,,J00091,S,,,무립목지/비산림,주거지,,,,,91.35224042750,586.98249131700
"1","1","2","49","2","4",C,"14",J11249,ARP-24C,"2020",,활엽수림,아까시나무,중경목,4영급,밀,임분고 13m 이상 15m미만,1463.77309610000,65271.95268180000
"1","2","2","34","2","4",C,"14",J12234,NQQ-24C,"2020",,활엽수림,기타 참나무류,중경목,4영급,밀,임분고 13m 이상 15m미만,2399.69093892000,75399.15075859999
"2","0","0","82",,,,,J20082,R,,,무립목지/비산림,제지,,,,,151.62163894000,756.87541550300
"1","1","2","30","1","3",C,"00",J11230,AEB-13C,,수고측정불가지역,활엽수림,기타활엽수,소경목,3영급,밀,임분고 1m 미만,495.98770611300,6510.85088512000
"1","2","2","30","1","2",C,"00",J12230,NEB-12C,,수고측정불가지역,활엽수림,기타활엽수,소경목,2영급,밀,임분고 1m 미만,262.19058112300,2198.60126734000
"1","1","2","39","2","3",C,"00",J11239,ACA-23C,"2017",수고측정불가지역,활엽수림,밤나무,중경목,3영급,밀,임분고 1m 미만,778.91980103700,24245.07156800000
"0","0","0","93",,,,,J00093,C,"2021",,무립목지/비산림,경작지,,,,,316.57711056900,3303.86712433000
"1","2","2","31","2","4",C,"16",J12231,NQA-24C,"2020",,활엽수림,상수리나무,중경목,4영급,밀,임분고 15m 이상 17m미만,749.31711256800,12544.79374850000
"0","0","0","93",,,,,J00093,C,"2020",,무립목지/비산림,경작지,,,,,93.78489144430,648.24426122300
"1","1","1","18","2","4",C,"22",J11118,ACJ-24C,"2020",,침엽수림,삼나무,중경목,4영급,밀,임분고 21m 이상 23m미만,332.22447152900,3070.73392327000
"1","1","1","12","1","3",C,"12",J11112,APK-13C,"2020",,침엽수림,잣나무,소경목,3영급,밀,임분고 11m 이상 13m미만,449.43230845800,8145.70019647000
"0","0","0","93",,,,,J00093,C,"2020",,무립목지/비산림,경작지,,,,,73.46087962760,259.38241673300
"1","2","2","30","2","4",C,"20",J12230,NEB-24C,"2020",,활엽수림,기타활엽수,중경목,4영급,밀,임분고 19m 이상 21m미만,223.38084536300,1374.94593026000
"1","2","2","30","2","4",C,"20",J12230,NEB-24C,"2017",,활엽수림,기타활엽수,중경목,4영급,밀,임분고 19m 이상 21m미만,795.21003791500,11788.10552560000
"1","1","2","45","2","4",C,"22",J11245,APO-24C,,,활엽수림,포플러,중경목,4영급,밀,임분고 21m 이상 23m미만,430.91894419000,10046.75179670000
"1","2","1","11","2","4",C,"18",J12111,NPD-24C,,,침엽수림,소나무,중경목,4영급,밀,임분고 17m 이상 19m미만,234.90508113800,2984.75889608000
"1","1","1","12","2","3",C,"14",J11112,APK-23C,"2017",,침엽수림,잣나무,중경목,3영급,밀,임분고 13m 이상 15m미만,157.82911283400,995.72169057000
"1","1","1","14","2","4",C,"20",J11114,APR-24C,"2020",,침엽수림,리기다소나무,중경목,4영급,밀,임분고 19m 이상 21m미만,261.52874530600,2920.35612933000
"1","1","1","12","0","1",A,"00",J11112,APK-01A,"2017",,침엽수림,잣나무,치수,1영급,소,임분고 1m 미만,318.64163157000,3356.64773542000
"1","2","2","34","1","4",C,"20",J12234,NQQ-14C,"2021",,활엽수림,기타 참나무류,소경목,4영급,밀,임분고 19m 이상 21m미만,448.15963456600,11229.91349220000
"1","1","2","49","2","4",C,"20",J11249,ARP-24C,"2019",,활엽수림,아까시나무,중경목,4영급,밀,임분고 19m 이상 21m미만,124.33190941300,780.60893108300
"1","2","1","11","2","4",C,"18",J12111,NPD-24C,"2020",,침엽수림,소나무,중경목,4영급,밀,임분고 17m 이상 19m미만,413.77422725300,2543.04579820000
"1","1","1","14","2","5",C,"14",J11114,APR-25C,"2021",,침엽수림,리기다소나무,중경목,5영급,밀,임분고 13m 이상 15m미만,223.89037175700,2818.64609424000
"1","2","2","34","2","5",C,"08",J12234,NQQ-25C,,,활엽수림,기타 참나무류,중경목,5영급,밀,임분고 7m 이상 9m미만,422.91671509500,4224.94809168000
"1","1","2","49","2","4",C,"10",J11249,ARP-24C,"2019",,활엽수림,아까시나무,중경목,4영급,밀,임분고 9m 이상 11m미만,2138.34130499000,46345.55631180000
"1","1","1","12","1","3",C,"12",J11112,APK-13C,"2017",,침엽수림,잣나무,소경목,3영급,밀,임분고 11m 이상 13m미만,138.95150530700,1067.88947232000
"1","1","1","12","1","3",B,"14",J11112,APK-13B,"2017",,침엽수림,잣나무,소경목,3영급,중,임분고 13m 이상 15m미만,201.55369200800,1457.90825655000
"1","2","3","77","2","4",C,"18",J12377,NMM-24C,,,혼효림,침활혼효림,중경목,4영급,밀,임분고 17m 이상 19m미만,924.45487734000,18493.09859460000
"0","0","0","91",,,,,J00091,S,"2019",,무립목지/비산림,주거지,,,,,130.54999653900,944.13638126900
"0","0","0","93",,,,,J00093,C,"2019",,무립목지/비산림,경작지,,,,,570.21902426900,12757.77850840000
"1","2","3","77","2","4",C,"10",J12377,NMM-24C,,,혼효림,침활혼효림,중경목,4영급,밀,임분고 9m 이상 11m미만,210.26417508700,1589.62645283000
"1","2","2","34","2","4",C,"10",J12234,NQQ-24C,"2019",,활엽수림,기타 참나무류,중경목,4영급,밀,임분고 9m 이상 11m미만,148.04868162400,1001.77010238000
"0","0","0","91",,,,,J00091,S,"2018",,무립목지/비산림,주거지,,,,,88.73111566590,577.31122454100
"1","2","2","31","2","4",C,"10",J12231,NQA-24C,"2017",,활엽수림,상수리나무,중경목,4영급,밀,임분고 9m 이상 11m미만,265.77281858300,3867.04171418000
"1","2","3","77","1","3",C,"00",J12377,NMM-13C,"2016",,혼효림,침활혼효림,소경목,3영급,밀,임분고 1m 미만,243.82320500100,3808.26651394000
"1","2","1","11","1","3",C,"00",J12111,NPD-13C,"2020",수고측정불가지역,침엽수림,소나무,소경목,3영급,밀,임분고 1m 미만,417.01112122600,8487.11312872000
"1","1","1","12","1","2",A,"16",J11112,APK-12A,,,침엽수림,잣나무,소경목,2영급,소,임분고 15m 이상 17m미만,127.65316448700,817.08786600000
"0","0","0","91",,,,,J00091,S,,,무립목지/비산림,주거지,,,,,149.57989536800,1526.05365456000
"0","0","0","91",,,,,J00091,S,,,무립목지/비산림,주거지,,,,,240.56241712000,2900.09765703000
"1","2","2","34","2","5",C,,J12234,NQQ-25C,"2018",수고측정불가지역,활엽수림,기타 참나무류,중경목,5영급,밀,,1267.68369057000,23591.65897220000
"1","2","3","77","2","4",C,,J12377,NMM-24C,"2018",수고측정불가지역,혼효림,침활혼효림,중경목,4영급,밀,,933.47617806900,13587.14666220000
"1","2","2","34","2","4",C,,J12234,NQQ-24C,"2017",수고측정불가지역,활엽수림,기타 참나무류,중경목,4영급,밀,,475.99114673100,3409.25294310000
"1","2","2","30","2","4",C,,J12230,NEB-24C,"2018",수고측정불가지역,활엽수림,기타활엽수,중경목,4영급,밀,,1754.71100478000,40019.77981360000
"1","1","2","49","2","4",C,,J11249,ARP-24C,"2020",수고측정불가지역,활엽수림,아까시나무,중경목,4영급,밀,,1873.95349276000,38021.56667410000
"2","0","0","83",,,,,J20083,B,"2017",,무립목지/비산림,관목덤불,,,,,316.16982298200,2465.90639780000
"1","2","2","34","2","4",C,"22",J12234,NQQ-24C,"2019",,활엽수림,기타 참나무류,중경목,4영급,밀,임분고 21m 이상 23m미만,1688.96115145000,66080.49927060000
"1","2","3","77","2","3",C,"00",J12377,NMM-23C,"2019",수고측정불가지역,혼효림,침활혼효림,중경목,3영급,밀,임분고 1m 미만,642.84189528500,19192.74854450000
"1","2","2","30","2","4",C,"08",J12230,NEB-24C,"2020",,활엽수림,기타활엽수,중경목,4영급,밀,임분고 7m 이상 9m미만,264.68657069200,3538.80405863000
"1","1","1","14","2","4",C,"10",J11114,APR-24C,"2020",,침엽수림,리기다소나무,중경목,4영급,밀,임분고 9m 이상 11m미만,451.57858677200,4335.73882563000
"1","1","1","14","2","4",C,"12",J11114,APR-24C,"2020",,침엽수림,리기다소나무,중경목,4영급,밀,임분고 11m 이상 13m미만,389.89981369100,5878.19212698000
"0","0","0","91",,,,,J00091,S,,,무립목지/비산림,주거지,,,,,503.40051054400,16088.21320290000
"0","0","0","91",,,,,J00091,S,"2018",,무립목지/비산림,주거지,,,,,237.73963329100,2054.46546572000
"0","0","0","91",,,,,J00091,S,"2020",,무립목지/비산림,주거지,,,,,171.42772474400,1398.94257995000
"1","2","2","34","3","5",C,"00",J12234,NQQ-35C,,,활엽수림,기타 참나무류,대경목,5영급,밀,임분고 1m 미만,3912.69408843000,112648.22279699999
"1","2","1","11","2","4",C,,J12111,NPD-24C,"2018",수고측정불가지역,침엽수림,소나무,중경목,4영급,밀,,369.67658545600,6872.59241648000
"1","1","1","12","2","4",C,,J11112,APK-24C,"2018",수고측정불가지역,침엽수림,잣나무,중경목,4영급,밀,,375.36903226700,2471.25638209000
"1","2","2","30","2","4",C,,J12230,NEB-24C,"2018",수고측정불가지역,활엽수림,기타활엽수,중경목,4영급,밀,,748.59239701500,8934.01113539000
"1","2","2","34","2","4",C,"10",J12234,NQQ-24C,"2019",,활엽수림,기타 참나무류,중경목,4영급,밀,임분고 9m 이상 11m미만,353.14602714000,4856.50623373000
"0","0","0","91",,,,,J00091,S,,,무립목지/비산림,주거지,,,,,160.77119402700,1594.46021609000
"1","2","2","30","2","4",C,"14",J12230,NEB-24C,"2019",,활엽수림,기타활엽수,중경목,4영급,밀,임분고 13m 이상 15m미만,848.25253162300,17632.80462590000
"1","2","3","77","2","4",C,"10",J12377,NMM-24C,"2018",,혼효림,침활혼효림,중경목,4영급,밀,임분고 9m 이상 11m미만,957.51985941200,32561.11540400000
"1","1","1","14","2","4",C,"10",J11114,APR-24C,"2018",,침엽수림,리기다소나무,중경목,4영급,밀,임분고 9m 이상 11m미만,252.07862409500,3726.37162715000
"1","1","1","12","1","3",C,"06",J11112,APK-13C,,,침엽수림,잣나무,소경목,3영급,밀,임분고 5m 이상 7m미만,143.94847384200,658.15297672300
"1","1","1","12","1","3",C,"06",J11112,APK-13C,"2017",,침엽수림,잣나무,소경목,3영급,밀,임분고 5m 이상 7m미만,681.88991255300,8348.93073103000
"1","1","1","12","1","2",C,"00",J11112,APK-12C,,,침엽수림,잣나무,소경목,2영급,밀,임분고 1m 미만,443.36208583800,3782.36905478000
"1","1","2","49","1","3",C,"08",J11249,ARP-13C,"2020",,활엽수림,아까시나무,소경목,3영급,밀,임분고 7m 이상 9m미만,1197.68638260000,33152.42922380000
"1","1","2","49","2","4",C,"08",J11249,ARP-24C,"2020",,활엽수림,아까시나무,중경목,4영급,밀,임분고 7m 이상 9m미만,510.10312480100,7978.43325672000
"1","1","1","12","2","5",C,"06",J11112,APK-25C,"2021",,침엽수림,잣나무,중경목,5영급,밀,임분고 5m 이상 7m미만,499.93779773700,13702.51318150000
"1","1","2","49","2","4",C,"10",J11249,ARP-24C,,,활엽수림,아까시나무,중경목,4영급,밀,임분고 9m 이상 11m미만,603.10409884500,7316.19775372000
"0","0","0","91",,,,,J00091,S,,,무립목지/비산림,주거지,,,,,152.70908998100,1717.17833372000
"1","2","2","30","2","4",C,"08",J12230,NEB-24C,"2020",,활엽수림,기타활엽수,중경목,4영급,밀,임분고 7m 이상 9m미만,595.18970962900,11488.38797410000
"1","2","3","77","2","4",C,"10",J12377,NMM-24C,"2018",,혼효림,침활혼효림,중경목,4영급,밀,임분고 9m 이상 11m미만,349.50369455700,6177.56579734000
"1","2","2","31","2","4",C,"06",J12231,NQA-24C,"2019",,활엽수림,상수리나무,중경목,4영급,밀,임분고 5m 이상 7m미만,704.45475854200,11596.33185210000
"1","1","1","14","2","4",C,"06",J11114,APR-24C,"2018",,침엽수림,리기다소나무,중경목,4영급,밀,임분고 5m 이상 7m미만,617.27680754400,14532.18348990000
"1","2","1","11","2","4",C,"10",J12111,NPD-24C,"2018",,침엽수림,소나무,중경목,4영급,밀,임분고 9m 이상 11m미만,606.06819843500,10152.55683800000
"1","2","3","77","2","5",C,"10",J12377,NMM-25C,"2019",생육불량,혼효림,침활혼효림,중경목,5영급,밀,임분고 9m 이상 11m미만,538.13635566800,7174.61975205000
"1","1","1","12","2","4",A,"08",J11112,APK-24A,"2019",,침엽수림,잣나무,중경목,4영급,소,임분고 7m 이상 9m미만,321.66064124000,2125.82522640000
"1","2","3","77","2","4",C,"12",J12377,NMM-24C,"2020",,혼효림,침활혼효림,중경목,4영급,밀,임분고 11m 이상 13m미만,899.18496849700,31031.50030820000
"0","0","0","91",,,,,J00091,S,"2018",,무립목지/비산림,주거지,,,,,223.75151065500,2447.37637412000
"1","1","1","12","2","4",C,"10",J11112,APK-24C,"2020",,침엽수림,잣나무,중경목,4영급,밀,임분고 9m 이상 11m미만,419.40996952000,3963.67511528000
"1","2","2","30","2","4",C,"18",J12230,NEB-24C,"2021",,활엽수림,기타활엽수,중경목,4영급,밀,임분고 17m 이상 19m미만,896.65263124100,27837.96765530000
"1","2","1","11","2","4",C,"18",J12111,NPD-24C,"2020",,침엽수림,소나무,중경목,4영급,밀,임분고 17m 이상 19m미만,1149.23540751000,35756.70841110000
"1","1","1","12","1","3",B,"12",J11112,APK-13B,"2020",,침엽수림,잣나무,소경목,3영급,중,임분고 11m 이상 13m미만,150.94669460700,1251.68452265000
"1","1","1","14","1","3",B,"12",J11114,APR-13B,"2019",,침엽수림,리기다소나무,소경목,3영급,중,임분고 11m 이상 13m미만,132.71864293000,1149.71778816000
"1","1","2","45","2","4",C,"16",J11245,APO-24C,,,활엽수림,포플러,중경목,4영급,밀,임분고 15m 이상 17m미만,134.07581072000,915.71965201100
"0","0","0","91",,,,,J00091,S,,,무립목지/비산림,주거지,,,,,143.63060173500,1561.54720168000
"1","1","1","13","2","4",C,"18",J11113,ALL-24C,"2018",,침엽수림,낙엽송,중경목,4영급,밀,임분고 17m 이상 19m미만,482.52204038400,7595.95909000000
"1","2","2","30","2","4",C,"16",J12230,NEB-24C,,,활엽수림,기타활엽수,중경목,4영급,밀,임분고 15m 이상 17m미만,913.02635182000,10739.51494090000
"1","2","1","11","2","4",C,"14",J12111,NPD-24C,"2019",,침엽수림,소나무,중경목,4영급,밀,임분고 13m 이상 15m미만,925.35309066900,5921.65311855000
"0","0","0","91",,,,,J00091,S,,,무립목지/비산림,주거지,,,,,142.87835030800,1459.53970012000
"1","2","2","34","1","2",B,"10",J12234,NQQ-12B,"2017",,활엽수림,기타 참나무류,소경목,2영급,중,임분고 9m 이상 11m미만,186.12903181300,1202.01096206000
"1","2","1","11","2","4",C,"10",J12111,NPD-24C,,,침엽수림,소나무,중경목,4영급,밀,임분고 9m 이상 11m미만,121.29716634900,693.72331370300
"1","2","1","11","2","4",C,"10",J12111,NPD-24C,"2017",,침엽수림,소나무,중경목,4영급,밀,임분고 9m 이상 11m미만,842.63925903200,13116.40687910000
"1","1","1","12","2","4",C,"16",J11112,APK-24C,"2018",,침엽수림,잣나무,중경목,4영급,밀,임분고 15m 이상 17m미만,762.53968835300,9165.00433134000
"1","2","2","30","2","4",C,,J12230,NEB-24C,"2019",수고측정불가지역,활엽수림,기타활엽수,중경목,4영급,밀,,203.75451836300,1112.03327120000
"0","0","0","91",,,,,J00091,S,,,무립목지/비산림,주거지,,,,,112.71630830100,724.87702744000
"1","2","2","34","2","4",C,"14",J12234,NQQ-24C,"2018",,활엽수림,기타 참나무류,중경목,4영급,밀,임분고 13m 이상 15m미만,904.58333018300,22127.53518240000
"0","0","0","93",,,,,J00093,C,,,무립목지/비산림,경작지,,,,,97.08206935980,630.23193916500
"1","2","3","77","2","4",C,"10",J12377,NMM-24C,"2017",,혼효림,침활혼효림,중경목,4영급,밀,임분고 9m 이상 11m미만,328.49291551800,5616.66212296000
"1","2","1","11","3","6",C,"20",J12111,NPD-36C,"2018",,침엽수림,소나무,대경목,6영급,밀,임분고 19m 이상 21m미만,1031.58327349000,18324.55845770000
"1","2","1","11","2","5",C,,J12111,NPD-25C,,수고측정불가지역,침엽수림,소나무,중경목,5영급,밀,,235.51648477700,3840.43111089000
"2","0","0","82",,,,,J20082,R,,암석지,무립목지/비산림,제지,,,,,144.04212513900,870.38658741700
"1","1","2","49","2","5",C,"18",J11249,ARP-25C,"2019",,활엽수림,아까시나무,중경목,5영급,밀,임분고 17m 이상 19m미만,1708.62988215000,38211.00854710000
"0","0","0","91",,,,,J00091,S,"2017",,무립목지/비산림,주거지,,,,,680.75044160100,18932.23540790000
"1","2","2","31","2","4",C,"08",J12231,NQA-24C,"2020",,활엽수림,상수리나무,중경목,4영급,밀,임분고 7m 이상 9m미만,2309.92940195000,92294.26230140000
"1","2","3","77","2","4",C,"08",J12377,NMM-24C,,,혼효림,침활혼효림,중경목,4영급,밀,임분고 7m 이상 9m미만,496.98182344900,5579.08058320000
"1","2","2","31","2","4",C,"10",J12231,NQA-24C,"2018",,활엽수림,상수리나무,중경목,4영급,밀,임분고 9m 이상 11m미만,416.05911919500,7033.63959451000
"1","1","1","12","1","3",C,"00",J11112,APK-13C,"2019",수고측정불가지역,침엽수림,잣나무,소경목,3영급,밀,임분고 1m 미만,79.27527485280,400.68387954600
"1","1","2","49","1","3",C,"16",J11249,ARP-13C,"2020",,활엽수림,아까시나무,소경목,3영급,밀,임분고 15m 이상 17m미만,653.33168086700,8783.05174668000
"1","1","1","12","1","3",C,"12",J11112,APK-13C,"2017",,침엽수림,잣나무,소경목,3영급,밀,임분고 11m 이상 13m미만,666.45298545100,5559.79034427000
"1","2","3","77","2","4",B,"08",J12377,NMM-24B,,,혼효림,침활혼효림,중경목,4영급,중,임분고 7m 이상 9m미만,137.63495027800,821.74112151100
"1","1","1","12","2","4",C,"16",J11112,APK-24C,,,침엽수림,잣나무,중경목,4영급,밀,임분고 15m 이상 17m미만,354.86196055100,2568.11211869000
"1","1","1","12","2","4",C,"10",J11112,APK-24C,"2018",,침엽수림,잣나무,중경목,4영급,밀,임분고 9m 이상 11m미만,124.82960638800,856.81795280300
"1","1","2","30","2","4",C,"18",J11230,AEB-24C,"2019",,활엽수림,기타활엽수,중경목,4영급,밀,임분고 17m 이상 19m미만,966.51675002800,16684.44246280000
"0","0","0","91",,,,,J00091,S,,,무립목지/비산림,주거지,,,,,106.43615324500,628.89417628100
"1","2","2","30","1","3",C,"12",J12230,NEB-13C,"2018",,활엽수림,기타활엽수,소경목,3영급,밀,임분고 11m 이상 13m미만,631.33644451900,14330.80039260000
"1","2","2","30","2","4",C,"16",J12230,NEB-24C,"2019",,활엽수림,기타활엽수,중경목,4영급,밀,임분고 15m 이상 17m미만,502.55444540000,8079.30694158000
"1","2","2","30","2","5",C,"18",J12230,NEB-25C,"2019",,활엽수림,기타활엽수,중경목,5영급,밀,임분고 17m 이상 19m미만,221.45386609600,2267.82558328000
"1","1","1","12","1","3",C,,J11112,APK-13C,,수고측정불가지역,침엽수림,잣나무,소경목,3영급,밀,,172.66966493500,1801.60419803000
"1","1","1","12","1","3",C,"12",J11112,APK-13C,"2017",,침엽수림,잣나무,소경목,3영급,밀,임분고 11m 이상 13m미만,152.01406088400,1252.62431628000
"1","2","2","34","2","4",C,,J12234,NQQ-24C,"2020",수고측정불가지역,활엽수림,기타 참나무류,중경목,4영급,밀,,1288.23122237000,20284.43119120000
"1","2","2","30","2","5",C,"16",J12230,NEB-25C,"2019",,활엽수림,기타활엽수,중경목,5영급,밀,임분고 15m 이상 17m미만,1191.60631947000,25073.61418930000
"1","2","2","30","2","5",C,"20",J12230,NEB-25C,"2019",,활엽수림,기타활엽수,중경목,5영급,밀,임분고 19m 이상 21m미만,1193.48649347000,21583.40331200000
"1","2","2","34","2","5",C,"12",J12234,NQQ-25C,"2018",,활엽수림,기타 참나무류,중경목,5영급,밀,임분고 11m 이상 13m미만,711.90097713900,15431.73127720000
"1","2","2","30","2","4",C,"20",J12230,NEB-24C,"2020",,활엽수림,기타활엽수,중경목,4영급,밀,임분고 19m 이상 21m미만,485.56851713400,5119.69873911000
"1","1","1","12","2","4",C,"16",J11112,APK-24C,,,침엽수림,잣나무,중경목,4영급,밀,임분고 15m 이상 17m미만,301.64935110500,5719.81382256000
"1","2","2","34","2","4",C,"14",J12234,NQQ-24C,"2020",,활엽수림,기타 참나무류,중경목,4영급,밀,임분고 13m 이상 15m미만,1424.51378748000,29540.94694340000
"1","2","2","30","2","4",C,"10",J12230,NEB-24C,,,활엽수림,기타활엽수,중경목,4영급,밀,임분고 9m 이상 11m미만,411.96602657200,4888.75143629000
"1","2","3","77","2","4",C,"12",J12377,NMM-24C,"2019",,혼효림,침활혼효림,중경목,4영급,밀,임분고 11m 이상 13m미만,612.22882100700,8525.56268810000
"1","2","2","30","2","4",C,"22",J12230,NEB-24C,"2019",,활엽수림,기타활엽수,중경목,4영급,밀,임분고 21m 이상 23m미만,338.59030151600,5047.06508955000
"0","0","0","91",,,,,J00091,S,,,무립목지/비산림,주거지,,,,,118.83663656600,831.35122960800
"1","2","3","77","2","4",C,,J12377,NMM-24C,"2017",수고측정불가지역,혼효림,침활혼효림,중경목,4영급,밀,,210.97065110200,2155.15848531000
"1","1","1","12","2","4",B,"20",J11112,APK-24B,"2019",,침엽수림,잣나무,중경목,4영급,중,임분고 19m 이상 21m미만,313.49896213900,4256.41260157000
"1","1","2","49","2","4",C,"22",J11249,ARP-24C,"2020",,활엽수림,아까시나무,중경목,4영급,밀,임분고 21m 이상 23m미만,297.72035277800,4845.07628636000
"1","1","1","12","1","3",C,"12",J11112,APK-13C,"2017",,침엽수림,잣나무,소경목,3영급,밀,임분고 11m 이상 13m미만,107.94867422300,568.46291613500
"1","2","2","31","2","5",C,"20",J12231,NQA-25C,,,활엽수림,상수리나무,중경목,5영급,밀,임분고 19m 이상 21m미만,543.04288148300,9307.55122873000
"1","1","1","18","2","4",C,"20",J11118,ACJ-24C,"2017",,침엽수림,삼나무,중경목,4영급,밀,임분고 19m 이상 21m미만,253.03113884800,2098.67395405000
"1","1","2","49","2","4",C,"20",J11249,ARP-24C,"2017",,활엽수림,아까시나무,중경목,4영급,밀,임분고 19m 이상 21m미만,426.37338720800,8269.67831424000
"1","2","2","30","2","4",C,"16",J12230,NEB-24C,"2017",,활엽수림,기타활엽수,중경목,4영급,밀,임분고 15m 이상 17m미만,691.75751058300,5420.28497773000
"0","0","0","93",,,,,J00093,C,"2015",,무립목지/비산림,경작지,,,,,277.60108267200,4316.84793927000
"1","2","3","77","2","4",C,"16",J12377,NMM-24C,,,혼효림,침활혼효림,중경목,4영급,밀,임분고 15m 이상 17m미만,322.02903303900,6657.05394236000
"1","1","2","49","2","4",C,"20",J11249,ARP-24C,"2017",,활엽수림,아까시나무,중경목,4영급,밀,임분고 19m 이상 21m미만,492.53113212700,9257.95979903000
"1","1","2","49","2","5",C,"16",J11249,ARP-25C,"2017",,활엽수림,아까시나무,중경목,5영급,밀,임분고 15m 이상 17m미만,1270.40665243000,36775.00374650000
"1","2","2","31","2","4",C,"16",J12231,NQA-24C,"2017",,활엽수림,상수리나무,중경목,4영급,밀,임분고 15m 이상 17m미만,1268.83317661000,54293.88906340000
"1","2","2","30","2","4",C,"18",J12230,NEB-24C,"2017",,활엽수림,기타활엽수,중경목,4영급,밀,임분고 17m 이상 19m미만,860.43572088800,12812.87335870000
"1","1","2","49","2","4",C,"20",J11249,ARP-24C,"2017",,활엽수림,아까시나무,중경목,4영급,밀,임분고 19m 이상 21m미만,182.79118891700,1551.72314347000
"1","2","2","34","2","4",C,"16",J12234,NQQ-24C,,,활엽수림,기타 참나무류,중경목,4영급,밀,임분고 15m 이상 17m미만,349.08796930900,3760.65298106000
"1","1","1","12","1","3",C,"12",J11112,APK-13C,"2017",,침엽수림,잣나무,소경목,3영급,밀,임분고 11m 이상 13m미만,683.53035048600,9850.93963224000
"1","1","1","14","2","4",C,"16",J11114,APR-24C,,,침엽수림,리기다소나무,중경목,4영급,밀,임분고 15m 이상 17m미만,398.61203418900,7993.03683296000
"1","1","1","14","2","4",C,"16",J11114,APR-24C,,,침엽수림,리기다소나무,중경목,4영급,밀,임분고 15m 이상 17m미만,517.12354683500,11928.47026770000
"1","2","2","30","2","4",C,"20",J12230,NEB-24C,"2017",,활엽수림,기타활엽수,중경목,4영급,밀,임분고 19m 이상 21m미만,393.32008375000,6572.26900948000
"0","0","0","93",,,,,J00093,C,"2017",,무립목지/비산림,경작지,,,,,133.32329541900,794.53002212300
"2","0","0","82",,,,,J20082,R,"2018",,무립목지/비산림,제지,,,,,105.07019191700,708.54885670700
"0","0","0","93",,,,,J00093,C,"2019",,무립목지/비산림,경작지,,,,,136.78574570800,1280.26425177000
"1","2","2","33","2","3",C,"00",J12233,NQV-23C,"2017",수고측정불가지역,활엽수림,굴참나무,중경목,3영급,밀,임분고 1m 미만,1284.64590400000,28966.76136500000
"1","2","3","77","2","4",C,,J12377,NMM-24C,"2020",,혼효림,침활혼효림,중경목,4영급,밀,,815.44000086300,23485.60003460000
"0","0","0","93",,,,,J00093,C,"2017",,무립목지/비산림,경작지,,,,,225.94628590300,2403.81183424000
"1","1","1","13","2","4",C,"18",J11113,ALL-24C,"2017",,침엽수림,낙엽송,중경목,4영급,밀,임분고 17m 이상 19m미만,697.79896185700,9585.30863619000
"1","1","2","49","2","4",C,"26",J11249,ARP-24C,"2017",,활엽수림,아까시나무,중경목,4영급,밀,임분고 25m 이상 27m미만,243.72835816300,2678.19061157000
"0","0","0","91",,,,,J00091,S,"2017",,무립목지/비산림,주거지,,,,,137.89918421700,1048.53335717000
"1","1","1","12","1","3",C,"14",J11112,APK-13C,,,침엽수림,잣나무,소경목,3영급,밀,임분고 13m 이상 15m미만,195.83783708400,1820.25961466000
"0","0","0","93",,,,,J00093,C,"2017",,무립목지/비산림,경작지,,,,,176.37752678000,2044.52284498000
"1","2","2","30","2","4",C,"14",J12230,NEB-24C,"2018",,활엽수림,기타활엽수,중경목,4영급,밀,임분고 13m 이상 15m미만,608.45604498200,13064.69385220000
"1","1","1","12","2","4",C,"16",J11112,APK-24C,"2020",,침엽수림,잣나무,중경목,4영급,밀,임분고 15m 이상 17m미만,280.84306992200,4271.86664558000
"1","2","2","30","2","4",C,"14",J12230,NEB-24C,,,활엽수림,기타활엽수,중경목,4영급,밀,임분고 13m 이상 15m미만,206.46381457300,1944.01489926000
"1","1","2","49","2","5",C,"20",J11249,ARP-25C,"2017",,활엽수림,아까시나무,중경목,5영급,밀,임분고 19m 이상 21m미만,622.47690476700,6381.70849194000
"0","0","0","93",,,,,J00093,C,,,무립목지/비산림,경작지,,,,,142.11909000700,982.87089940200
"1","2","2","30","2","4",C,"16",J12230,NEB-24C,"2020",,활엽수림,기타활엽수,중경목,4영급,밀,임분고 15m 이상 17m미만,367.98354666600,8322.87149424000
"1","1","1","13","2","4",C,"16",J11113,ALL-24C,"2020",,침엽수림,낙엽송,중경목,4영급,밀,임분고 15m 이상 17m미만,203.22428513700,2283.99781320000
"1","1","2","30","1","3",C,"12",J11230,AEB-13C,,두충,활엽수림,기타활엽수,소경목,3영급,밀,임분고 11m 이상 13m미만,182.66887678000,1925.87166087000
"1","2","2","30","2","4",C,"12",J12230,NEB-24C,"2019",공원,활엽수림,기타활엽수,중경목,4영급,밀,임분고 11m 이상 13m미만,1315.83317921000,26636.08282070000
"1","2","3","77","2","4",C,"14",J12377,NMM-24C,"2019",,혼효림,침활혼효림,중경목,4영급,밀,임분고 13m 이상 15m미만,302.89202418000,2943.09996820000
"1","2","3","77","2","5",C,"12",J12377,NMM-25C,"2019",,혼효림,침활혼효림,중경목,5영급,밀,임분고 11m 이상 13m미만,987.48971497100,18579.66328780000
"1","2","2","30","2","4",B,"14",J12230,NEB-24B,"2019",,활엽수림,기타활엽수,중경목,4영급,중,임분고 13m 이상 15m미만,1242.64596814000,21408.56294370000
"1","1","2","45","2","4",C,"14",J11245,APO-24C,"2017",,활엽수림,포플러,중경목,4영급,밀,임분고 13m 이상 15m미만,171.29457088800,1304.82815736000
"1","1","1","12","2","4",C,"16",J11112,APK-24C,"2017",,침엽수림,잣나무,중경목,4영급,밀,임분고 15m 이상 17m미만,457.48373354200,6048.51997407000
"1","1","1","12","1","2",C,"06",J11112,APK-12C,"2017",,침엽수림,잣나무,소경목,2영급,밀,임분고 5m 이상 7m미만,307.63080375700,4396.77578148000
"1","2","3","77","2","4",C,"14",J12377,NMM-24C,"2019",,혼효림,침활혼효림,중경목,4영급,밀,임분고 13m 이상 15m미만,524.32007421900,7796.22421259000
"1","2","3","77","2","4",C,"16",J12377,NMM-24C,"2017",,혼효림,침활혼효림,중경목,4영급,밀,임분고 15m 이상 17m미만,286.15154615900,4014.08331988000
"1","2","2","30","2","4",B,"14",J12230,NEB-24B,"2019",,활엽수림,기타활엽수,중경목,4영급,중,임분고 13m 이상 15m미만,462.21206906800,4137.50156946000
"1","1","2","45","2","4",C,"14",J11245,APO-24C,,,활엽수림,포플러,중경목,4영급,밀,임분고 13m 이상 15m미만,436.38636015600,5757.33312857000
"1","2","2","34","2","4",C,"16",J12234,NQQ-24C,,,활엽수림,기타 참나무류,중경목,4영급,밀,임분고 15m 이상 17m미만,270.26858903800,1977.37257130000
"1","2","3","77","2","4",C,"16",J12377,NMM-24C,"2019",,혼효림,침활혼효림,중경목,4영급,밀,임분고 15m 이상 17m미만,455.40033943500,8646.07142427000
"1","2","2","34","2","5",C,"16",J12234,NQQ-25C,"2020",,활엽수림,기타 참나무류,중경목,5영급,밀,임분고 15m 이상 17m미만,984.28995024300,9923.54261121000
"1","1","1","11","0","1",A,"00",J11111,APD-01A,"2018",,침엽수림,소나무,치수,1영급,소,임분고 1m 미만,388.57032200900,6115.96816648000
"1","1","2","49","2","4",C,"16",J11249,ARP-24C,"2019",,활엽수림,아까시나무,중경목,4영급,밀,임분고 15m 이상 17m미만,292.22408055500,2616.82155409000
"1","1","1","12","0","1",A,"00",J11112,APK-01A,"2020",2013 스트로브잣나무 3년생 조림,침엽수림,잣나무,치수,1영급,소,임분고 1m 미만,392.97858261700,7592.49448978000
"1","1","1","12","2","4",C,"10",J11112,APK-24C,"2020",,침엽수림,잣나무,중경목,4영급,밀,임분고 9m 이상 11m미만,241.59187886000,3457.04668397000
"1","1","1","12","2","4",C,"12",J11112,APK-24C,,,침엽수림,잣나무,중경목,4영급,밀,임분고 11m 이상 13m미만,233.53566630800,910.07656697900
"1","1","1","14","1","3",C,"06",J11114,APR-13C,,,침엽수림,리기다소나무,소경목,3영급,밀,임분고 5m 이상 7m미만,256.40578909000,1734.34060898000
"1","1","1","12","2","4",C,"16",J11112,APK-24C,"2020",,침엽수림,잣나무,중경목,4영급,밀,임분고 15m 이상 17m미만,250.80247805300,2541.33214467000
"1","1","1","12","2","4",C,"08",J11112,APK-24C,"2019",,침엽수림,잣나무,중경목,4영급,밀,임분고 7m 이상 9m미만,498.98073669900,6773.94384644000
"1","2","1","11","2","5",C,"16",J12111,NPD-25C,"2020",,침엽수림,소나무,중경목,5영급,밀,임분고 15m 이상 17m미만,302.04165680600,3133.03458187000
"1","1","1","18","2","5",C,"16",J11118,ACJ-25C,"2017",,침엽수림,삼나무,중경목,5영급,밀,임분고 15m 이상 17m미만,136.60375199600,992.10992411600
"1","1","2","49","2","4",C,"20",J11249,ARP-24C,"2019",,활엽수림,아까시나무,중경목,4영급,밀,임분고 19m 이상 21m미만,292.30571071900,3809.32110831000
"1","2","2","31","2","5",C,"08",J12231,NQA-25C,"2019",,활엽수림,상수리나무,중경목,5영급,밀,임분고 7m 이상 9m미만,380.29309824600,4461.80220168000
"1","1","1","13","2","4",C,"26",J11113,ALL-24C,"2017",,침엽수림,낙엽송,중경목,4영급,밀,임분고 25m 이상 27m미만,178.53925997900,2033.81839967000
"1","2","2","30","1","3",C,"00",J12230,NEB-13C,"2017",수고측정불가지역,활엽수림,기타활엽수,소경목,3영급,밀,임분고 1m 미만,326.40137895300,4679.55744112000
"1","2","1","11","2","4",C,"14",J12111,NPD-24C,"2017",,침엽수림,소나무,중경목,4영급,밀,임분고 13m 이상 15m미만,362.09734867800,4123.05867998000
"1","2","1","11","1","3",C,"00",J12111,NPD-13C,"2017",수고측정불가지역,침엽수림,소나무,소경목,3영급,밀,임분고 1m 미만,180.61247218200,745.96700766900
"1","2","2","34","2","4",C,"20",J12234,NQQ-24C,"2019",,활엽수림,기타 참나무류,중경목,4영급,밀,임분고 19m 이상 21m미만,372.43430306400,5493.99987399000
"1","2","3","77","2","4",C,"16",J12377,NMM-24C,"2019",,혼효림,침활혼효림,중경목,4영급,밀,임분고 15m 이상 17m미만,340.36375975900,6316.24944054000
"1","2","3","77","1","3",C,"00",J12377,NMM-13C,"2017",수고측정불가지역,혼효림,침활혼효림,소경목,3영급,밀,임분고 1m 미만,396.48610377700,7650.82062267000
"1","1","1","14","2","4",C,"14",J11114,APR-24C,"2020",,침엽수림,리기다소나무,중경목,4영급,밀,임분고 13m 이상 15m미만,991.02040876100,11178.40368680000
"1","1","2","49","2","4",C,"20",J11249,ARP-24C,,,활엽수림,아까시나무,중경목,4영급,밀,임분고 19m 이상 21m미만,325.96625655100,4064.88756711000
"1","2","1","11","2","4",C,"14",J12111,NPD-24C,,,침엽수림,소나무,중경목,4영급,밀,임분고 13m 이상 15m미만,162.26845401600,1144.51810649000
"1","2","2","30","1","3",C,"14",J12230,NEB-13C,"2017",,활엽수림,기타활엽수,소경목,3영급,밀,임분고 13m 이상 15m미만,419.86144480700,5951.28133815000
"1","2","2","30","2","4",C,"10",J12230,NEB-24C,,,활엽수림,기타활엽수,중경목,4영급,밀,임분고 9m 이상 11m미만,275.75767408600,5101.24017651000
"1","2","2","34","2","4",C,"20",J12234,NQQ-24C,"2018",,활엽수림,기타 참나무류,중경목,4영급,밀,임분고 19m 이상 21m미만,641.28545159000,6859.10814517000
"1","2","2","34","2","5",C,"14",J12234,NQQ-25C,"2017",,활엽수림,기타 참나무류,중경목,5영급,밀,임분고 13m 이상 15m미만,2559.68467799000,125430.20161900000
"1","2","2","34","2","5",C,"14",J12234,NQQ-25C,"2017",,활엽수림,기타 참나무류,중경목,5영급,밀,임분고 13m 이상 15m미만,2559.68467799000,125430.20161900000
"1","2","2","30","2","5",C,"16",J12230,NEB-25C,"2020",,활엽수림,기타활엽수,중경목,5영급,밀,임분고 15m 이상 17m미만,1972.19673566000,32671.16334120000
"1","2","2","34","2","5",C,"08",J12234,NQQ-25C,"2020",,활엽수림,기타 참나무류,중경목,5영급,밀,임분고 7m 이상 9m미만,188.39048295000,342.51491262600
"1","1","2","49","2","5",C,"18",J11249,ARP-25C,"2019",,활엽수림,아까시나무,중경목,5영급,밀,임분고 17m 이상 19m미만,520.31814144000,5017.18582504000
"1","1","2","49","2","5",C,"18",J11249,ARP-25C,"2019",,활엽수림,아까시나무,중경목,5영급,밀,임분고 17m 이상 19m미만,520.31814144000,5017.18582504000
"1","2","2","31","2","4",C,"08",J12231,NQA-24C,,,활엽수림,상수리나무,중경목,4영급,밀,임분고 7m 이상 9m미만,293.80134480200,1490.31422895000
"1","2","2","31","2","4",C,"08",J12231,NQA-24C,,,활엽수림,상수리나무,중경목,4영급,밀,임분고 7m 이상 9m미만,293.80134480200,1490.31422895000
"1","2","2","31","2","4",C,"08",J12231,NQA-24C,,,활엽수림,상수리나무,중경목,4영급,밀,임분고 7m 이상 9m미만,259.60160144900,1816.64397122000
"1","2","2","31","2","4",C,"08",J12231,NQA-24C,,,활엽수림,상수리나무,중경목,4영급,밀,임분고 7m 이상 9m미만,259.60160144900,1816.64397122000
"1","2","2","31","2","4",C,"10",J12231,NQA-24C,,,활엽수림,상수리나무,중경목,4영급,밀,임분고 9m 이상 11m미만,397.71571973800,1960.85651112000
"1","2","2","31","2","4",C,"06",J12231,NQA-24C,,,활엽수림,상수리나무,중경목,4영급,밀,임분고 5m 이상 7m미만,1120.12825885000,25216.20842790000
"2","0","0","82",,,,,J20082,R,,암석지,무립목지/비산림,제지,,,,,260.69147012900,1798.51722255000
"0","0","0","91",,,,,J00091,S,,,무립목지/비산림,주거지,,,,,290.47451486300,5299.50403002000
"0","0","0","91",,,,,J00091,S,,,무립목지/비산림,주거지,,,,,290.47451486300,5299.50403002000
"0","0","0","91",,,,,J00091,S,,,무립목지/비산림,주거지,,,,,290.47451486300,5299.50403002000
"1","2","2","34","2","5",C,"16",J12234,NQQ-25C,"2018",,활엽수림,기타 참나무류,중경목,5영급,밀,임분고 15m 이상 17m미만,2306.79864838000,159227.65935500001
"1","1","1","14","1","3",C,"10",J11114,APR-13C,,,침엽수림,리기다소나무,소경목,3영급,밀,임분고 9m 이상 11m미만,815.13765552700,21441.94840030000
"0","0","0","91",,,,,J00091,S,,,무립목지/비산림,주거지,,,,,167.78853837200,1795.43521322000
"0","0","0","91",,,,,J00091,S,,,무립목지/비산림,주거지,,,,,167.78853837200,1795.43521322000
"0","0","0","91",,,,,J00091,S,,,무립목지/비산림,주거지,,,,,167.78853837200,1795.43521322000
"0","0","0","91",,,,,J00091,S,,,무립목지/비산림,주거지,,,,,86.17892570430,462.27369806300
"0","0","0","91",,,,,J00091,S,,,무립목지/비산림,주거지,,,,,86.17892570430,462.27369806300
"0","0","0","91",,,,,J00091,S,,,무립목지/비산림,주거지,,,,,86.17892570430,462.27369806300
"0","0","0","91",,,,,J00091,S,,,무립목지/비산림,주거지,,,,,86.17892570430,462.27369806300
"0","0","0","91",,,,,J00091,S,,,무립목지/비산림,주거지,,,,,86.17892570430,462.27369806300
"0","0","0","91",,,,,J00091,S,,,무립목지/비산림,주거지,,,,,86.17892570430,462.27369806300
"0","0","0","91",,,,,J00091,S,,,무립목지/비산림,주거지,,,,,86.17892570430,462.27369806300
"0","0","0","91",,,,,J00091,S,,,무립목지/비산림,주거지,,,,,86.17892570430,462.27369806300
"0","0","0","91",,,,,J00091,S,,,무립목지/비산림,주거지,,,,,86.17892570430,462.27369806300
"0","0","0","91",,,,,J00091,S,,,무립목지/비산림,주거지,,,,,86.17892570430,462.27369806300
"1","1","2","30","1","3",C,"00",J11230,AEB-13C,,수고측정불가지역,활엽수림,기타활엽수,소경목,3영급,밀,임분고 1m 미만,495.98770611300,6510.85088512000
"1","2","2","30","2","4",C,"20",J12230,NEB-24C,"2020",,활엽수림,기타활엽수,중경목,4영급,밀,임분고 19m 이상 21m미만,223.38084536300,1374.94593026000
"1","1","1","14","2","5",C,"14",J11114,APR-25C,"2021",,침엽수림,리기다소나무,중경목,5영급,밀,임분고 13m 이상 15m미만,223.89037175700,2818.64609424000
"1","1","1","14","2","5",C,"14",J11114,APR-25C,"2021",,침엽수림,리기다소나무,중경목,5영급,밀,임분고 13m 이상 15m미만,223.89037175700,2818.64609424000
"0","0","0","91",,,,,J00091,S,,,무립목지/비산림,주거지,,,,,149.57989536800,1526.05365456000
"1","1","1","12","1","3",C,"06",J11112,APK-13C,,,침엽수림,잣나무,소경목,3영급,밀,임분고 5m 이상 7m미만,143.94847384200,658.15297672300
"1","1","1","12","2","5",C,"06",J11112,APK-25C,"2021",,침엽수림,잣나무,중경목,5영급,밀,임분고 5m 이상 7m미만,499.93779773700,13702.51318150000
"0","0","0","91",,,,,J00091,S,"2018",,무립목지/비산림,주거지,,,,,223.75151065500,2447.37637412000
"0","0","0","91",,,,,J00091,S,,,무립목지/비산림,주거지,,,,,118.83663656600,831.35122960800
"0","0","0","91",,,,,J00091,S,,,무립목지/비산림,주거지,,,,,118.83663656600,831.35122960800
"0","0","0","91",,,,,J00091,S,,,무립목지/비산림,주거지,,,,,118.83663656600,831.35122960800
"0","0","0","91",,,,,J00091,S,,,무립목지/비산림,주거지,,,,,118.83663656600,831.35122960800
"0","0","0","91",,,,,J00091,S,,,무립목지/비산림,주거지,,,,,118.83663656600,831.35122960800
"0","0","0","91",,,,,J00091,S,,,무립목지/비산림,주거지,,,,,118.83663656600,831.35122960800
"0","0","0","91",,,,,J00091,S,"2017",,무립목지/비산림,주거지,,,,,137.89918421700,1048.53335717000
"2","0","0","82",,,,,J20082,R,"2017",,무립목지/비산림,제지,,,,,225.77142521900,1924.39257552000
"0","0","0","91",,,,,J00091,S,,,무립목지/비산림,주거지,,,,,86.17892570430,462.27369806300
"0","0","0","91",,,,,J00091,S,,,무립목지/비산림,주거지,,,,,86.17892570430,462.27369806300
"0","0","0","91",,,,,J00091,S,"2020",,무립목지/비산림,주거지,,,,,443.34848129900,6325.55241019000
"1","2","1","11","2","5",C,,J12111,NPD-25C,"2018",수고측정불가지역,침엽수림,소나무,중경목,5영급,밀,,466.39007737000,8783.60317529000
"1","2","1","11","2","6",C,,J12111,NPD-26C,"2017",수고측정불가지역,침엽수림,소나무,중경목,6영급,밀,,65.21976582770,251.17941391400
"1","2","2","34","2","4",C,"00",J12234,NQQ-24C,"2020",,활엽수림,기타 참나무류,중경목,4영급,밀,임분고 1m 미만,645.17719474500,8907.38325330000
"1","2","1","11","3","6",C,"14",J12111,NPD-36C,"2020",,침엽수림,소나무,대경목,6영급,밀,임분고 13m 이상 15m미만,1115.24521876000,21158.15751350000
"1","2","2","30","2","4",C,,J12230,NEB-24C,"2018",수고측정불가지역,활엽수림,기타활엽수,중경목,4영급,밀,,1754.71100478000,40019.77981360000
"1","2","2","30","2","4",C,,J12230,NEB-24C,"2018",수고측정불가지역,활엽수림,기타활엽수,중경목,4영급,밀,,1754.71100478000,40019.77981360000
"0","0","0","91",,,,,J00091,S,,,무립목지/비산림,주거지,,,,,86.17892570430,462.27369806300
